{"stats":{"minecraft:used":{"minecraft:rail":2},"minecraft:custom":{"minecraft:jump":121,"minecraft:time_since_rest":23071,"minecraft:damage_dealt":10,"minecraft:leave_game":1,"minecraft:sprint_one_cm":19812,"minecraft:play_time":23071,"minecraft:walk_on_water_one_cm":2504,"minecraft:time_since_death":23071,"minecraft:walk_one_cm":14170,"minecraft:sneak_time":48,"minecraft:total_world_time":23071,"minecraft:walk_under_water_one_cm":5466,"minecraft:swim_one_cm":2208,"minecraft:fly_one_cm":74298}},"DataVersion":3465}