{"stats":{"minecraft:custom":{"minecraft:jump":232,"minecraft:time_since_rest":65847,"minecraft:damage_dealt":105,"minecraft:leave_game":2,"minecraft:sprint_one_cm":36026,"minecraft:play_time":65847,"minecraft:time_since_death":65847,"minecraft:walk_on_water_one_cm":2504,"minecraft:walk_one_cm":25009,"minecraft:sneak_time":170,"minecraft:total_world_time":65847,"minecraft:walk_under_water_one_cm":5466,"minecraft:mob_kills":1,"minecraft:swim_one_cm":2208,"minecraft:fall_one_cm":478,"minecraft:fly_one_cm":144227},"minecraft:used":{"minecraft:stone":1,"minecraft:rail":2}},"DataVersion":3465}