{"stats":{"minecraft:used":{"minecraft:slime_block":6,"minecraft:armor_stand":9,"minecraft:stone_bricks":31},"minecraft:custom":{"minecraft:jump":72,"minecraft:open_chest":2,"minecraft:time_since_rest":48000,"minecraft:walk_on_water_one_cm":554,"minecraft:sprint_one_cm":22728,"minecraft:play_time":48000,"minecraft:damage_taken":40,"minecraft:time_since_death":48000,"minecraft:walk_one_cm":26661,"minecraft:sneak_time":259,"minecraft:total_world_time":48000,"minecraft:walk_under_water_one_cm":208,"minecraft:swim_one_cm":1289,"minecraft:fall_one_cm":1298,"minecraft:fly_one_cm":54558}},"DataVersion":3465}