{"stats":{"minecraft:custom":{"minecraft:jump":23,"minecraft:open_chest":2,"minecraft:time_since_rest":6000,"minecraft:walk_on_water_one_cm":554,"minecraft:sprint_one_cm":11326,"minecraft:play_time":6000,"minecraft:damage_taken":40,"minecraft:time_since_death":6000,"minecraft:walk_one_cm":12395,"minecraft:sneak_time":6,"minecraft:total_world_time":6000,"minecraft:walk_under_water_one_cm":208,"minecraft:swim_one_cm":1289,"minecraft:fall_one_cm":1298,"minecraft:fly_one_cm":12334}},"DataVersion":3465}