{"stats":{"minecraft:used":{"minecraft:slime_block":6,"minecraft:stone_bricks":8},"minecraft:custom":{"minecraft:jump":36,"minecraft:open_chest":2,"minecraft:time_since_rest":18000,"minecraft:walk_on_water_one_cm":554,"minecraft:sprint_one_cm":16248,"minecraft:play_time":18000,"minecraft:damage_taken":40,"minecraft:time_since_death":18000,"minecraft:walk_one_cm":19025,"minecraft:sneak_time":132,"minecraft:total_world_time":18000,"minecraft:walk_under_water_one_cm":208,"minecraft:swim_one_cm":1289,"minecraft:fall_one_cm":1298,"minecraft:fly_one_cm":31061}},"DataVersion":3465}