{"stats":{"minecraft:used":{"minecraft:slime_block":6,"minecraft:stone_bricks":31,"minecraft:armor_stand":9},"minecraft:custom":{"minecraft:jump":117,"minecraft:open_chest":2,"minecraft:time_since_rest":61919,"minecraft:damage_dealt":179,"minecraft:leave_game":1,"minecraft:damage_taken":40,"minecraft:sprint_one_cm":39574,"minecraft:play_time":61919,"minecraft:time_since_death":61919,"minecraft:walk_on_water_one_cm":554,"minecraft:walk_one_cm":38444,"minecraft:sneak_time":262,"minecraft:total_world_time":61919,"minecraft:walk_under_water_one_cm":208,"minecraft:swim_one_cm":1289,"minecraft:fall_one_cm":1567,"minecraft:fly_one_cm":89421}},"DataVersion":3465}