{"stats":{"minecraft:killed_by":{"minecraft:player":1,"minecraft:zombie":1},"minecraft:mined":{"minecraft:grass_block":4,"minecraft:cobblestone":1,"minecraft:grass":3,"minecraft:dirt":1,"minecraft:oak_leaves":2},"minecraft:picked_up":{"minecraft:wooden_axe":5,"minecraft:birch_log":4,"minecraft:pink_petals":1,"minecraft:wheat":3,"minecraft:cooked_beef":257,"minecraft:glow_ink_sac":4,"minecraft:andesite":1,"minecraft:leather":2,"minecraft:lead":6,"minecraft:wooden_pickaxe":3,"minecraft:potion":5,"minecraft:oak_log":7,"minecraft:shield":7,"minecraft:gunpowder":10,"minecraft:lapis_lazuli":46,"minecraft:string":1,"minecraft:dirt":21,"minecraft:flint_and_steel":1,"minecraft:item_frame":4,"minecraft:bone":2,"minecraft:creeper_banner_pattern":4,"minecraft:stone_bricks":4,"minecraft:wheat_seeds":2,"minecraft:cobbled_deepslate":3,"minecraft:spruce_planks":12,"minecraft:stone_pickaxe":1,"minecraft:beef":5,"minecraft:iron_pickaxe":1,"minecraft:oak_planks":23,"minecraft:stick":7,"minecraft:raw_iron":4,"minecraft:oak_door":5,"minecraft:cooked_porkchop":2,"minecraft:birch_boat":5,"minecraft:oak_fence":2,"minecraft:torch":2,"minecraft:dripstone_block":15,"minecraft:porkchop":6,"minecraft:spruce_sapling":4,"minecraft:pointed_dripstone":25,"minecraft:arrow":4,"minecraft:rotten_flesh":20,"minecraft:stone_axe":2,"minecraft:painting":4,"minecraft:saddle":4,"minecraft:white_wool":2,"minecraft:cobblestone":72},"minecraft:dropped":{"minecraft:stone_axe":2,"minecraft:porkchop":6,"minecraft:lapis_lazuli":46,"minecraft:cooked_beef":68,"minecraft:glow_ink_sac":2,"minecraft:cobbled_deepslate":3,"minecraft:cooked_porkchop":2,"minecraft:wheat":1,"minecraft:pointed_dripstone":22,"minecraft:raw_iron":4,"minecraft:cobblestone":64,"minecraft:lead":1,"minecraft:white_bed":1,"minecraft:flint_and_steel":1,"minecraft:shield":2,"minecraft:torch":1,"minecraft:spruce_planks":12,"minecraft:wooden_axe":2,"minecraft:potion":1,"minecraft:wooden_pickaxe":1,"minecraft:stone_pickaxe":1,"minecraft:iron_pickaxe":1,"minecraft:birch_log":4,"minecraft:oak_door":1},"minecraft:custom":{"minecraft:interact_with_anvil":2,"minecraft:mob_kills":2,"minecraft:interact_with_crafting_table":2,"minecraft:interact_with_loom":10,"minecraft:leave_game":21,"minecraft:time_since_death":29292,"minecraft:sleep_in_bed":6,"minecraft:time_since_rest":21259,"minecraft:sprint_one_cm":126996,"minecraft:damage_taken":1669,"minecraft:walk_one_cm":338768,"minecraft:damage_blocked_by_shield":189,"minecraft:trigger_trapped_chest":10,"minecraft:drop":32,"minecraft:damage_dealt":868,"minecraft:fly_one_cm":553760,"minecraft:crouch_one_cm":1059,"minecraft:play_time":207502,"minecraft:deaths":4,"minecraft:sneak_time":1960,"minecraft:boat_one_cm":374586,"minecraft:jump":726,"minecraft:walk_on_water_one_cm":463,"minecraft:total_world_time":207502,"minecraft:fall_one_cm":19226,"minecraft:horse_one_cm":39936},"minecraft:used":{"minecraft:oak_fence":3,"minecraft:oak_planks":1,"minecraft:wooden_pickaxe":1,"minecraft:birch_boat":4,"minecraft:shield":15,"minecraft:oak_door":1,"minecraft:torch":3,"minecraft:dirt":33,"minecraft:black_banner":1,"minecraft:painting":11,"minecraft:birch_fence":2,"minecraft:wooden_axe":3,"minecraft:grass_block":48,"minecraft:spruce_sapling":1,"minecraft:stone_bricks":4,"minecraft:item_frame":1,"minecraft:cobblestone":1,"minecraft:potion":3,"minecraft:beef":4,"minecraft:cooked_beef":2,"minecraft:bone_meal":24,"minecraft:dark_oak_sapling":1},"minecraft:crafted":{"minecraft:shield":2},"minecraft:killed":{"minecraft:zombie":2}},"DataVersion":3465}