{"stats":{"minecraft:killed_by":{"minecraft:skeleton":1,"minecraft:zombie":1},"minecraft:custom":{"minecraft:time_since_rest":34193,"minecraft:sprint_one_cm":98578,"minecraft:damage_taken":512,"minecraft:walk_one_cm":162559,"minecraft:trigger_trapped_chest":4,"minecraft:mob_kills":6,"minecraft:drop":8,"minecraft:damage_dealt":1063,"minecraft:swim_one_cm":1198,"minecraft:interact_with_crafting_table":3,"minecraft:fly_one_cm":74981,"minecraft:interact_with_loom":8,"minecraft:crouch_one_cm":7712,"minecraft:play_time":54000,"minecraft:deaths":2,"minecraft:sneak_time":2215,"minecraft:walk_under_water_one_cm":261,"minecraft:jump":298,"minecraft:walk_on_water_one_cm":1995,"minecraft:time_since_death":34156,"minecraft:total_world_time":54000,"minecraft:fall_one_cm":3625},"minecraft:killed":{"minecraft:skeleton":5,"minecraft:zombie":1},"minecraft:mined":{"minecraft:andesite":1,"minecraft:jungle_stairs":1,"minecraft:jungle_planks":1,"minecraft:stone":63,"minecraft:diorite":8,"minecraft:wall_torch":1},"minecraft:crafted":{"minecraft:shield":2},"minecraft:used":{"minecraft:diorite":8,"minecraft:stone_sword":47,"minecraft:stone_pickaxe":73,"minecraft:oak_planks":97,"minecraft:jungle_stairs":12,"minecraft:stone":15,"minecraft:iron_boots":1,"minecraft:torch":114,"minecraft:dirt":59,"minecraft:cobblestone":26,"minecraft:iron_trapdoor":8,"minecraft:loom":2,"minecraft:jungle_planks":39,"minecraft:trapped_chest":10},"minecraft:dropped":{"minecraft:bread":13,"minecraft:stone_axe":1,"minecraft:shield":2,"minecraft:torch":64,"minecraft:stone_sword":1,"minecraft:stone_pickaxe":1},"minecraft:picked_up":{"minecraft:wooden_axe":2,"minecraft:iron_chestplate":1,"minecraft:andesite":1,"minecraft:torch":84,"minecraft:jungle_planks":55,"minecraft:diorite":10,"minecraft:shield":3,"minecraft:iron_axe":1,"minecraft:stone_sword":2,"minecraft:arrow":11,"minecraft:bone":3,"minecraft:rotten_flesh":1,"minecraft:jungle_stairs":113,"minecraft:stone_pickaxe":2,"minecraft:bread":2,"minecraft:enchanted_golden_apple":1,"minecraft:oak_sapling":6,"minecraft:iron_boots":1,"minecraft:cobblestone":99,"minecraft:furnace":2}},"DataVersion":3465}