{"stats":{"minecraft:killed_by":{"minecraft:player":1,"minecraft:zombie":1},"minecraft:mined":{"minecraft:grass":3,"minecraft:grass_block":4,"minecraft:dirt":1,"minecraft:cobblestone":1,"minecraft:oak_leaves":2},"minecraft:picked_up":{"minecraft:wooden_axe":3,"minecraft:pink_petals":1,"minecraft:stick":4,"minecraft:cooked_beef":194,"minecraft:oak_door":4,"minecraft:birch_boat":4,"minecraft:glow_ink_sac":2,"minecraft:oak_fence":1,"minecraft:lead":5,"minecraft:wooden_pickaxe":2,"minecraft:potion":4,"minecraft:spruce_sapling":3,"minecraft:shield":5,"minecraft:gunpowder":8,"minecraft:dirt":21,"minecraft:item_frame":3,"minecraft:creeper_banner_pattern":3,"minecraft:rotten_flesh":16,"minecraft:stone_bricks":3,"minecraft:stone_axe":1,"minecraft:stone_pickaxe":1,"minecraft:painting":3,"minecraft:saddle":3,"minecraft:oak_planks":13,"minecraft:cobblestone":3},"minecraft:dropped":{"minecraft:stone_axe":1,"minecraft:shield":1,"minecraft:cooked_beef":5,"minecraft:potion":1,"minecraft:lead":1,"minecraft:stone_pickaxe":1,"minecraft:white_bed":1,"minecraft:oak_door":1},"minecraft:used":{"minecraft:oak_fence":3,"minecraft:wooden_axe":3,"minecraft:grass_block":1,"minecraft:oak_planks":1,"minecraft:shield":15,"minecraft:birch_boat":4,"minecraft:wooden_pickaxe":1,"minecraft:spruce_sapling":1,"minecraft:stone_bricks":3,"minecraft:item_frame":1,"minecraft:oak_door":1,"minecraft:dirt":5,"minecraft:cobblestone":1,"minecraft:potion":3,"minecraft:black_banner":1,"minecraft:cooked_beef":2,"minecraft:painting":11,"minecraft:bone_meal":24,"minecraft:birch_fence":2,"minecraft:dark_oak_sapling":1},"minecraft:custom":{"minecraft:time_since_rest":5235,"minecraft:sprint_one_cm":87399,"minecraft:damage_taken":1149,"minecraft:walk_one_cm":270385,"minecraft:damage_blocked_by_shield":189,"minecraft:trigger_trapped_chest":10,"minecraft:interact_with_anvil":2,"minecraft:mob_kills":2,"minecraft:drop":12,"minecraft:damage_dealt":804,"minecraft:interact_with_crafting_table":2,"minecraft:fly_one_cm":454589,"minecraft:interact_with_loom":10,"minecraft:crouch_one_cm":302,"minecraft:play_time":144255,"minecraft:deaths":3,"minecraft:sneak_time":1569,"minecraft:boat_one_cm":236031,"minecraft:jump":533,"minecraft:leave_game":11,"minecraft:walk_on_water_one_cm":463,"minecraft:time_since_death":20134,"minecraft:sleep_in_bed":3,"minecraft:total_world_time":144255,"minecraft:fall_one_cm":10469,"minecraft:horse_one_cm":39936},"minecraft:crafted":{"minecraft:shield":2},"minecraft:killed":{"minecraft:zombie":2}},"DataVersion":3465}