{"stats":{"minecraft:killed_by":{"minecraft:player":1},"minecraft:dropped":{"minecraft:stone_axe":1,"minecraft:shield":1,"minecraft:cooked_beef":5,"minecraft:potion":1,"minecraft:lead":1,"minecraft:stone_pickaxe":1,"minecraft:oak_door":1},"minecraft:mined":{"minecraft:grass":3,"minecraft:grass_block":4,"minecraft:dirt":1,"minecraft:oak_leaves":2},"minecraft:picked_up":{"minecraft:pink_petals":1,"minecraft:stick":2,"minecraft:cooked_beef":131,"minecraft:oak_door":3,"minecraft:birch_boat":3,"minecraft:glow_ink_sac":2,"minecraft:lead":4,"minecraft:wooden_pickaxe":1,"minecraft:potion":3,"minecraft:spruce_sapling":2,"minecraft:shield":4,"minecraft:gunpowder":6,"minecraft:dirt":13,"minecraft:item_frame":2,"minecraft:creeper_banner_pattern":2,"minecraft:rotten_flesh":12,"minecraft:stone_bricks":2,"minecraft:stone_axe":1,"minecraft:stone_pickaxe":1,"minecraft:painting":2,"minecraft:saddle":2,"minecraft:oak_planks":7,"minecraft:cobblestone":1,"minecraft:wooden_axe":2},"minecraft:crafted":{"minecraft:shield":2},"minecraft:killed":{"minecraft:zombie":2},"minecraft:custom":{"minecraft:time_since_rest":2334,"minecraft:sprint_one_cm":73839,"minecraft:damage_taken":824,"minecraft:walk_one_cm":229773,"minecraft:damage_blocked_by_shield":189,"minecraft:trigger_trapped_chest":2,"minecraft:interact_with_anvil":2,"minecraft:mob_kills":2,"minecraft:drop":11,"minecraft:damage_dealt":677,"minecraft:interact_with_crafting_table":2,"minecraft:fly_one_cm":429007,"minecraft:crouch_one_cm":285,"minecraft:play_time":117898,"minecraft:interact_with_loom":10,"minecraft:deaths":2,"minecraft:sneak_time":1534,"minecraft:boat_one_cm":98925,"minecraft:jump":496,"minecraft:leave_game":7,"minecraft:walk_on_water_one_cm":463,"minecraft:time_since_death":2301,"minecraft:sleep_in_bed":2,"minecraft:total_world_time":117898,"minecraft:fall_one_cm":9422,"minecraft:horse_one_cm":39936},"minecraft:used":{"minecraft:birch_fence":2,"minecraft:wooden_axe":3,"minecraft:grass_block":1,"minecraft:oak_planks":1,"minecraft:birch_boat":2,"minecraft:shield":15,"minecraft:spruce_sapling":1,"minecraft:stone_bricks":3,"minecraft:item_frame":1,"minecraft:oak_door":1,"minecraft:dirt":5,"minecraft:potion":3,"minecraft:black_banner":1,"minecraft:cooked_beef":2,"minecraft:painting":11,"minecraft:bone_meal":24,"minecraft:dark_oak_sapling":1}},"DataVersion":3465}