{"stats":{"minecraft:killed_by":{"minecraft:skeleton":1,"minecraft:zombie":1},"minecraft:custom":{"minecraft:time_since_rest":50238,"minecraft:interact_with_furnace":1,"minecraft:sprint_one_cm":125432,"minecraft:damage_taken":512,"minecraft:walk_one_cm":212831,"minecraft:interact_with_anvil":2,"minecraft:trigger_trapped_chest":6,"minecraft:mob_kills":8,"minecraft:drop":10,"minecraft:damage_dealt":1543,"minecraft:swim_one_cm":1198,"minecraft:interact_with_crafting_table":3,"minecraft:fly_one_cm":125058,"minecraft:fill_cauldron":2,"minecraft:interact_with_loom":9,"minecraft:crouch_one_cm":7734,"minecraft:play_time":70045,"minecraft:deaths":2,"minecraft:sneak_time":2326,"minecraft:walk_under_water_one_cm":261,"minecraft:jump":358,"minecraft:leave_game":1,"minecraft:walk_on_water_one_cm":1995,"minecraft:time_since_death":50201,"minecraft:total_world_time":70045,"minecraft:fall_one_cm":3625},"minecraft:killed":{"minecraft:skeleton":5,"minecraft:pillager":2,"minecraft:zombie":1},"minecraft:mined":{"minecraft:andesite":1,"minecraft:jungle_stairs":1,"minecraft:jungle_planks":1,"minecraft:stone":63,"minecraft:diorite":8,"minecraft:wall_torch":1},"minecraft:crafted":{"minecraft:shield":2},"minecraft:used":{"minecraft:netherite_sword":8,"minecraft:oak_fence":2,"minecraft:water_bucket":2,"minecraft:diorite":8,"minecraft:stone_sword":47,"minecraft:stone_pickaxe":73,"minecraft:oak_planks":97,"minecraft:jungle_stairs":12,"minecraft:stone":15,"minecraft:iron_boots":1,"minecraft:cauldron":4,"minecraft:anvil":2,"minecraft:torch":114,"minecraft:dirt":59,"minecraft:cobblestone":26,"minecraft:iron_trapdoor":8,"minecraft:loom":2,"minecraft:jungle_planks":39,"minecraft:trapped_chest":10},"minecraft:dropped":{"minecraft:bread":13,"minecraft:stone_axe":1,"minecraft:shield":2,"minecraft:torch":64,"minecraft:stone_sword":1,"minecraft:lead":1,"minecraft:stone_pickaxe":1,"minecraft:bone":14},"minecraft:picked_up":{"minecraft:wooden_axe":2,"minecraft:iron_chestplate":1,"minecraft:andesite":1,"minecraft:lead":1,"minecraft:torch":84,"minecraft:jungle_planks":55,"minecraft:diorite":10,"minecraft:shield":3,"minecraft:white_banner":1,"minecraft:iron_axe":1,"minecraft:stone_sword":2,"minecraft:arrow":11,"minecraft:bone":3,"minecraft:rotten_flesh":1,"minecraft:jungle_stairs":113,"minecraft:stone_pickaxe":2,"minecraft:bread":2,"minecraft:enchanted_golden_apple":1,"minecraft:oak_sapling":6,"minecraft:iron_boots":1,"minecraft:cobblestone":99,"minecraft:furnace":2}},"DataVersion":3465}