{"stats":{"minecraft:custom":{"minecraft:time_since_rest":23039,"minecraft:sprint_one_cm":49696,"minecraft:damage_taken":440,"minecraft:walk_one_cm":195019,"minecraft:damage_blocked_by_shield":20,"minecraft:trigger_trapped_chest":2,"minecraft:interact_with_anvil":1,"minecraft:mob_kills":2,"minecraft:drop":6,"minecraft:damage_dealt":563,"minecraft:interact_with_crafting_table":2,"minecraft:fly_one_cm":356218,"minecraft:crouch_one_cm":109,"minecraft:play_time":74709,"minecraft:interact_with_loom":10,"minecraft:sneak_time":1340,"minecraft:boat_one_cm":98925,"minecraft:jump":320,"minecraft:leave_game":5,"minecraft:walk_on_water_one_cm":431,"minecraft:time_since_death":74709,"minecraft:sleep_in_bed":2,"minecraft:total_world_time":74709,"minecraft:fall_one_cm":5639,"minecraft:horse_one_cm":39936},"minecraft:killed":{"minecraft:zombie":2},"minecraft:mined":{"minecraft:grass":3,"minecraft:grass_block":3,"minecraft:dirt":1,"minecraft:oak_leaves":2},"minecraft:crafted":{"minecraft:shield":2},"minecraft:used":{"minecraft:birch_fence":2,"minecraft:wooden_axe":3,"minecraft:grass_block":1,"minecraft:oak_planks":1,"minecraft:birch_boat":2,"minecraft:shield":1,"minecraft:spruce_sapling":1,"minecraft:stone_bricks":2,"minecraft:item_frame":1,"minecraft:oak_door":1,"minecraft:dirt":5,"minecraft:black_banner":1,"minecraft:cooked_beef":1,"minecraft:painting":11,"minecraft:bone_meal":24,"minecraft:dark_oak_sapling":1},"minecraft:dropped":{"minecraft:cooked_beef":4,"minecraft:lead":1,"minecraft:oak_door":1},"minecraft:picked_up":{"minecraft:pink_petals":1,"minecraft:cooked_beef":4,"minecraft:oak_door":1,"minecraft:birch_boat":1,"minecraft:lead":2,"minecraft:shield":1,"minecraft:gunpowder":2,"minecraft:dirt":3,"minecraft:rotten_flesh":4}},"DataVersion":3465}