{"stats":{"minecraft:killed_by":{"minecraft:skeleton":1,"minecraft:zombie":1},"minecraft:custom":{"minecraft:time_since_rest":10193,"minecraft:sprint_one_cm":26948,"minecraft:damage_taken":512,"minecraft:walk_one_cm":75120,"minecraft:mob_kills":6,"minecraft:drop":5,"minecraft:damage_dealt":1063,"minecraft:fly_one_cm":68970,"minecraft:crouch_one_cm":5958,"minecraft:play_time":30000,"minecraft:deaths":2,"minecraft:sneak_time":1596,"minecraft:jump":173,"minecraft:time_since_death":10156,"minecraft:total_world_time":30000,"minecraft:fall_one_cm":3625},"minecraft:killed":{"minecraft:skeleton":5,"minecraft:zombie":1},"minecraft:mined":{"minecraft:andesite":1,"minecraft:jungle_stairs":1,"minecraft:jungle_planks":1,"minecraft:stone":63,"minecraft:diorite":8,"minecraft:wall_torch":1},"minecraft:used":{"minecraft:stone_sword":47,"minecraft:stone_pickaxe":73,"minecraft:oak_planks":67,"minecraft:jungle_stairs":12,"minecraft:stone":13,"minecraft:torch":52,"minecraft:dirt":58,"minecraft:cobblestone":2,"minecraft:iron_trapdoor":8,"minecraft:jungle_planks":38,"minecraft:trapped_chest":10},"minecraft:dropped":{"minecraft:bread":13,"minecraft:stone_axe":1,"minecraft:stone_sword":1,"minecraft:stone_pickaxe":1},"minecraft:picked_up":{"minecraft:wooden_axe":2,"minecraft:andesite":1,"minecraft:torch":20,"minecraft:jungle_planks":55,"minecraft:diorite":6,"minecraft:stone_sword":2,"minecraft:arrow":11,"minecraft:bone":3,"minecraft:rotten_flesh":1,"minecraft:jungle_stairs":113,"minecraft:stone_pickaxe":2,"minecraft:bread":2,"minecraft:enchanted_golden_apple":1,"minecraft:oak_sapling":6,"minecraft:cobblestone":99,"minecraft:furnace":2}},"DataVersion":3465}