{"stats":{"minecraft:killed_by":{"minecraft:skeleton":1,"minecraft:zombie":1},"minecraft:custom":{"minecraft:time_since_rest":22193,"minecraft:sprint_one_cm":79632,"minecraft:damage_taken":512,"minecraft:walk_one_cm":143622,"minecraft:mob_kills":6,"minecraft:drop":5,"minecraft:damage_dealt":1063,"minecraft:fly_one_cm":70922,"minecraft:crouch_one_cm":7712,"minecraft:play_time":42000,"minecraft:deaths":2,"minecraft:sneak_time":2206,"minecraft:jump":244,"minecraft:walk_on_water_one_cm":1012,"minecraft:time_since_death":22156,"minecraft:total_world_time":42000,"minecraft:fall_one_cm":3625},"minecraft:killed":{"minecraft:skeleton":5,"minecraft:zombie":1},"minecraft:mined":{"minecraft:andesite":1,"minecraft:jungle_stairs":1,"minecraft:jungle_planks":1,"minecraft:stone":63,"minecraft:diorite":8,"minecraft:wall_torch":1},"minecraft:used":{"minecraft:diorite":8,"minecraft:stone_sword":47,"minecraft:stone_pickaxe":73,"minecraft:oak_planks":97,"minecraft:jungle_stairs":12,"minecraft:stone":15,"minecraft:torch":114,"minecraft:dirt":59,"minecraft:cobblestone":26,"minecraft:iron_trapdoor":8,"minecraft:jungle_planks":38,"minecraft:trapped_chest":10},"minecraft:dropped":{"minecraft:bread":13,"minecraft:stone_axe":1,"minecraft:stone_sword":1,"minecraft:stone_pickaxe":1},"minecraft:picked_up":{"minecraft:wooden_axe":2,"minecraft:andesite":1,"minecraft:torch":20,"minecraft:jungle_planks":55,"minecraft:diorite":10,"minecraft:stone_sword":2,"minecraft:arrow":11,"minecraft:bone":3,"minecraft:rotten_flesh":1,"minecraft:jungle_stairs":113,"minecraft:stone_pickaxe":2,"minecraft:bread":2,"minecraft:enchanted_golden_apple":1,"minecraft:oak_sapling":6,"minecraft:cobblestone":99,"minecraft:furnace":2}},"DataVersion":3465}