{"stats":{"minecraft:dropped":{"minecraft:cooked_beef":5,"minecraft:potion":1,"minecraft:lead":1,"minecraft:oak_door":1},"minecraft:mined":{"minecraft:grass":3,"minecraft:grass_block":3,"minecraft:dirt":1,"minecraft:oak_leaves":2},"minecraft:picked_up":{"minecraft:pink_petals":1,"minecraft:cooked_beef":5,"minecraft:oak_door":1,"minecraft:birch_boat":1,"minecraft:lead":2,"minecraft:potion":1,"minecraft:shield":1,"minecraft:gunpowder":2,"minecraft:dirt":3,"minecraft:rotten_flesh":4},"minecraft:crafted":{"minecraft:shield":2},"minecraft:killed":{"minecraft:zombie":2},"minecraft:custom":{"minecraft:time_since_rest":54228,"minecraft:sprint_one_cm":61822,"minecraft:damage_taken":450,"minecraft:walk_one_cm":201378,"minecraft:damage_blocked_by_shield":20,"minecraft:trigger_trapped_chest":2,"minecraft:interact_with_anvil":1,"minecraft:mob_kills":2,"minecraft:drop":8,"minecraft:damage_dealt":563,"minecraft:interact_with_crafting_table":2,"minecraft:fly_one_cm":409828,"minecraft:crouch_one_cm":109,"minecraft:play_time":105898,"minecraft:interact_with_loom":10,"minecraft:sneak_time":1340,"minecraft:boat_one_cm":98925,"minecraft:jump":402,"minecraft:leave_game":7,"minecraft:walk_on_water_one_cm":463,"minecraft:time_since_death":105898,"minecraft:sleep_in_bed":2,"minecraft:total_world_time":105898,"minecraft:fall_one_cm":5639,"minecraft:horse_one_cm":39936},"minecraft:used":{"minecraft:birch_fence":2,"minecraft:wooden_axe":3,"minecraft:grass_block":1,"minecraft:oak_planks":1,"minecraft:birch_boat":2,"minecraft:shield":1,"minecraft:spruce_sapling":1,"minecraft:stone_bricks":3,"minecraft:item_frame":1,"minecraft:oak_door":1,"minecraft:dirt":5,"minecraft:potion":3,"minecraft:black_banner":1,"minecraft:cooked_beef":2,"minecraft:painting":11,"minecraft:bone_meal":24,"minecraft:dark_oak_sapling":1}},"DataVersion":3465}