{"stats":{"minecraft:killed_by":{"minecraft:player":1,"minecraft:zombie":1},"minecraft:mined":{"minecraft:grass":3,"minecraft:grass_block":4,"minecraft:dirt":1,"minecraft:cobblestone":1,"minecraft:oak_leaves":2},"minecraft:picked_up":{"minecraft:wooden_axe":4,"minecraft:pink_petals":1,"minecraft:stick":6,"minecraft:wheat":3,"minecraft:cooked_beef":257,"minecraft:oak_door":5,"minecraft:birch_boat":5,"minecraft:glow_ink_sac":2,"minecraft:oak_fence":2,"minecraft:lead":6,"minecraft:wooden_pickaxe":3,"minecraft:potion":5,"minecraft:spruce_sapling":4,"minecraft:pointed_dripstone":6,"minecraft:shield":6,"minecraft:gunpowder":10,"minecraft:string":1,"minecraft:dirt":21,"minecraft:item_frame":4,"minecraft:creeper_banner_pattern":4,"minecraft:rotten_flesh":20,"minecraft:stone_bricks":4,"minecraft:stone_axe":1,"minecraft:painting":4,"minecraft:stone_pickaxe":1,"minecraft:saddle":4,"minecraft:oak_planks":19,"minecraft:cobblestone":4},"minecraft:dropped":{"minecraft:stone_axe":1,"minecraft:shield":1,"minecraft:cooked_beef":5,"minecraft:wooden_axe":2,"minecraft:wheat":1,"minecraft:potion":1,"minecraft:lead":1,"minecraft:stone_pickaxe":1,"minecraft:white_bed":1,"minecraft:oak_door":1},"minecraft:used":{"minecraft:oak_fence":3,"minecraft:wooden_axe":3,"minecraft:grass_block":1,"minecraft:oak_planks":1,"minecraft:shield":15,"minecraft:birch_boat":4,"minecraft:wooden_pickaxe":1,"minecraft:spruce_sapling":1,"minecraft:stone_bricks":3,"minecraft:item_frame":1,"minecraft:oak_door":1,"minecraft:torch":3,"minecraft:dirt":5,"minecraft:cobblestone":1,"minecraft:potion":3,"minecraft:black_banner":1,"minecraft:cooked_beef":2,"minecraft:painting":11,"minecraft:bone_meal":24,"minecraft:birch_fence":2,"minecraft:dark_oak_sapling":1},"minecraft:custom":{"minecraft:time_since_rest":1351,"minecraft:sprint_one_cm":94252,"minecraft:damage_taken":1439,"minecraft:walk_one_cm":300221,"minecraft:damage_blocked_by_shield":189,"minecraft:trigger_trapped_chest":10,"minecraft:interact_with_anvil":2,"minecraft:mob_kills":2,"minecraft:drop":15,"minecraft:damage_dealt":804,"minecraft:interact_with_crafting_table":2,"minecraft:fly_one_cm":511314,"minecraft:interact_with_loom":10,"minecraft:crouch_one_cm":302,"minecraft:play_time":179528,"minecraft:deaths":4,"minecraft:sneak_time":1678,"minecraft:boat_one_cm":374586,"minecraft:jump":568,"minecraft:leave_game":13,"minecraft:walk_on_water_one_cm":463,"minecraft:time_since_death":1318,"minecraft:sleep_in_bed":4,"minecraft:total_world_time":179528,"minecraft:fall_one_cm":13937,"minecraft:horse_one_cm":39936},"minecraft:crafted":{"minecraft:shield":2},"minecraft:killed":{"minecraft:zombie":2}},"DataVersion":3465}