{"stats":{"minecraft:killed_by":{"minecraft:skeleton":1},"minecraft:custom":{"minecraft:time_since_rest":1091,"minecraft:deaths":1,"minecraft:crouch_one_cm":2090,"minecraft:play_time":18000,"minecraft:sprint_one_cm":15907,"minecraft:walk_one_cm":40613,"minecraft:damage_taken":267,"minecraft:sneak_time":497,"minecraft:mob_kills":1,"minecraft:drop":3,"minecraft:jump":101,"minecraft:damage_dealt":82,"minecraft:time_since_death":1058,"minecraft:total_world_time":18000,"minecraft:fall_one_cm":3425,"minecraft:fly_one_cm":27302},"minecraft:killed":{"minecraft:skeleton":1},"minecraft:used":{"minecraft:torch":2,"minecraft:cobblestone":2,"minecraft:iron_trapdoor":8,"minecraft:jungle_planks":38,"minecraft:stone_pickaxe":73,"minecraft:jungle_stairs":12,"minecraft:trapped_chest":10,"minecraft:stone":2},"minecraft:mined":{"minecraft:jungle_stairs":1,"minecraft:jungle_planks":1,"minecraft:stone":63,"minecraft:andesite":1,"minecraft:diorite":8},"minecraft:dropped":{"minecraft:stone_axe":1,"minecraft:stone_pickaxe":1,"minecraft:stone_sword":1},"minecraft:picked_up":{"minecraft:bone":1,"minecraft:arrow":1,"minecraft:andesite":1,"minecraft:jungle_stairs":1,"minecraft:jungle_planks":28,"minecraft:diorite":6,"minecraft:cobblestone":57}},"DataVersion":3465}