{"stats":{"minecraft:killed_by":{"minecraft:skeleton":1,"minecraft:zombie":1},"minecraft:custom":{"minecraft:interact_with_furnace":18,"minecraft:mob_kills":23,"minecraft:interact_with_anvil":4,"minecraft:animals_bred":1,"minecraft:interact_with_crafting_table":12,"minecraft:fill_cauldron":2,"minecraft:interact_with_loom":15,"minecraft:leave_game":1,"minecraft:time_since_death":7186,"minecraft:sleep_in_bed":9,"minecraft:climb_one_cm":111,"minecraft:time_since_rest":7261,"minecraft:sprint_one_cm":359723,"minecraft:damage_taken":1142,"minecraft:walk_one_cm":566671,"minecraft:trigger_trapped_chest":18,"minecraft:drop":78,"minecraft:damage_dealt":4346,"minecraft:swim_one_cm":1198,"minecraft:fly_one_cm":957907,"minecraft:crouch_one_cm":8638,"minecraft:play_time":220045,"minecraft:deaths":3,"minecraft:sneak_time":3606,"minecraft:walk_under_water_one_cm":2598,"minecraft:jump":1017,"minecraft:walk_on_water_one_cm":5285,"minecraft:total_world_time":220045,"minecraft:fall_one_cm":11529,"minecraft:horse_one_cm":1031472},"minecraft:killed":{"minecraft:wolf":3,"minecraft:spider":1,"minecraft:sheep":2,"minecraft:skeleton":7,"minecraft:pillager":3,"minecraft:zombie":6,"minecraft:enderman":1},"minecraft:crafted":{"minecraft:diamond_pickaxe":1,"minecraft:shield":4},"minecraft:mined":{"minecraft:jungle_stairs":1,"minecraft:jungle_planks":1,"minecraft:diorite":8,"minecraft:wall_torch":1,"minecraft:andesite":1,"minecraft:stone":63},"minecraft:used":{"minecraft:oak_fence":35,"minecraft:water_bucket":5,"minecraft:netherite_sword":40,"minecraft:diorite":8,"minecraft:stone_sword":58,"minecraft:lead":4,"minecraft:stone_pickaxe":73,"minecraft:oak_planks":97,"minecraft:oak_sign":3,"minecraft:stone":15,"minecraft:cauldron":4,"minecraft:sheep_spawn_egg":3,"minecraft:stone_hoe":7,"minecraft:torch":120,"minecraft:dirt":141,"minecraft:anvil":3,"minecraft:crafting_table":1,"minecraft:loom":3,"minecraft:jungle_planks":39,"minecraft:white_bed":2,"minecraft:oak_fence_gate":3,"minecraft:birch_fence":2,"minecraft:diamond_pickaxe":2,"minecraft:iron_axe":7,"minecraft:lantern":1,"minecraft:grass_block":100,"minecraft:jungle_stairs":12,"minecraft:iron_helmet":1,"minecraft:spruce_trapdoor":7,"minecraft:iron_boots":1,"minecraft:pink_petals":1,"minecraft:deepslate_diamond_ore":13,"minecraft:cobblestone":32,"minecraft:iron_trapdoor":8,"minecraft:cooked_porkchop":13,"minecraft:trapped_chest":10},"minecraft:dropped":{"minecraft:golden_boots":1,"minecraft:bread":32,"minecraft:stone_axe":1,"minecraft:porkchop":42,"minecraft:golden_helmet":1,"minecraft:stone_sword":2,"minecraft:cooked_porkchop":2,"minecraft:netherite_sword":1,"minecraft:diamond_leggings":1,"minecraft:iron_helmet":2,"minecraft:lead":3,"minecraft:name_tag":2,"minecraft:grass_block":1,"minecraft:shield":3,"minecraft:torch":93,"minecraft:stone_pickaxe":1,"minecraft:bone":64},"minecraft:picked_up":{"minecraft:wooden_axe":2,"minecraft:pink_petals":9,"minecraft:iron_chestplate":1,"minecraft:andesite":1,"minecraft:brown_wool":1,"minecraft:lead":7,"minecraft:gunpowder":1,"minecraft:shield":4,"minecraft:dirt":32,"minecraft:white_banner":1,"minecraft:iron_axe":1,"minecraft:bone":28,"minecraft:wheat_seeds":4,"minecraft:netherite_sword":2,"minecraft:stone_pickaxe":2,"minecraft:enchanted_golden_apple":1,"minecraft:spruce_trapdoor":1,"minecraft:iron_boots":1,"minecraft:furnace":2,"minecraft:torch":119,"minecraft:dandelion":1,"minecraft:gravel":1,"minecraft:porkchop":15,"minecraft:jungle_planks":55,"minecraft:diorite":10,"minecraft:stone_sword":3,"minecraft:arrow":14,"minecraft:rotten_flesh":5,"minecraft:jungle_stairs":113,"minecraft:iron_helmet":2,"minecraft:bread":9,"minecraft:oak_sapling":9,"minecraft:oak_leaves":1,"minecraft:mutton":2,"minecraft:ender_pearl":1,"minecraft:white_wool":1,"minecraft:cobblestone":99}},"DataVersion":3465}