{"stats":{"minecraft:killed_by":{"minecraft:player":1,"minecraft:piglin_brute":1,"minecraft:skeleton":1,"minecraft:zombie":1},"minecraft:custom":{"minecraft:interact_with_furnace":18,"minecraft:mob_kills":24,"minecraft:interact_with_anvil":4,"minecraft:animals_bred":1,"minecraft:interact_with_crafting_table":12,"minecraft:fill_cauldron":2,"minecraft:interact_with_loom":15,"minecraft:leave_game":1,"minecraft:time_since_death":2788,"minecraft:sleep_in_bed":11,"minecraft:climb_one_cm":111,"minecraft:time_since_rest":2833,"minecraft:sprint_one_cm":426564,"minecraft:damage_taken":1803,"minecraft:walk_one_cm":652294,"minecraft:damage_blocked_by_shield":40,"minecraft:trigger_trapped_chest":18,"minecraft:drop":106,"minecraft:damage_dealt":5004,"minecraft:swim_one_cm":1198,"minecraft:fly_one_cm":1118740,"minecraft:open_chest":1,"minecraft:crouch_one_cm":9129,"minecraft:play_time":256045,"minecraft:deaths":5,"minecraft:sneak_time":4093,"minecraft:walk_under_water_one_cm":2598,"minecraft:jump":1502,"minecraft:walk_on_water_one_cm":5285,"minecraft:total_world_time":256045,"minecraft:fall_one_cm":14366,"minecraft:horse_one_cm":1031472},"minecraft:killed":{"minecraft:wolf":3,"minecraft:zombified_piglin":1,"minecraft:spider":1,"minecraft:sheep":2,"minecraft:skeleton":7,"minecraft:pillager":3,"minecraft:zombie":6,"minecraft:enderman":1},"minecraft:crafted":{"minecraft:diamond_pickaxe":1,"minecraft:shield":4},"minecraft:mined":{"minecraft:blackstone":5,"minecraft:jungle_stairs":1,"minecraft:jungle_planks":1,"minecraft:diorite":8,"minecraft:wall_torch":1,"minecraft:andesite":1,"minecraft:lantern":1,"minecraft:dirt":3,"minecraft:stone":63},"minecraft:used":{"minecraft:oak_fence":35,"minecraft:water_bucket":7,"minecraft:netherite_sword":51,"minecraft:diorite":8,"minecraft:stone_sword":58,"minecraft:lead":4,"minecraft:stone_pickaxe":73,"minecraft:oak_planks":97,"minecraft:oak_sign":3,"minecraft:iron_sword":3,"minecraft:shield":1,"minecraft:stone":15,"minecraft:cauldron":4,"minecraft:sheep_spawn_egg":3,"minecraft:stone_hoe":7,"minecraft:torch":120,"minecraft:dirt":272,"minecraft:anvil":3,"minecraft:crafting_table":1,"minecraft:loom":3,"minecraft:jungle_planks":39,"minecraft:white_bed":2,"minecraft:oak_fence_gate":3,"minecraft:birch_fence":2,"minecraft:diamond_pickaxe":13,"minecraft:iron_axe":8,"minecraft:lantern":1,"minecraft:grass_block":100,"minecraft:jungle_stairs":12,"minecraft:iron_helmet":1,"minecraft:spruce_trapdoor":7,"minecraft:iron_boots":1,"minecraft:pink_petals":1,"minecraft:deepslate_diamond_ore":13,"minecraft:cobblestone":32,"minecraft:iron_trapdoor":8,"minecraft:cooked_porkchop":14,"minecraft:trapped_chest":10},"minecraft:dropped":{"minecraft:golden_boots":2,"minecraft:bread":32,"minecraft:stone_axe":1,"minecraft:porkchop":42,"minecraft:golden_helmet":1,"minecraft:stone_sword":2,"minecraft:crafting_table":1,"minecraft:cooked_porkchop":12,"minecraft:netherite_sword":1,"minecraft:wheat":3,"minecraft:diamond_leggings":1,"minecraft:oak_fence":8,"minecraft:iron_helmet":4,"minecraft:lead":3,"minecraft:iron_boots":1,"minecraft:apple":12,"minecraft:name_tag":2,"minecraft:grass_block":1,"minecraft:stick":3,"minecraft:dirt":1,"minecraft:shield":4,"minecraft:torch":93,"minecraft:iron_chestplate":3,"minecraft:iron_leggings":2,"minecraft:oak_stairs":14,"minecraft:beef":4,"minecraft:stone_pickaxe":2,"minecraft:string":3,"minecraft:quartz":1,"minecraft:pink_petals":14,"minecraft:white_wool":2,"minecraft:bone":72},"minecraft:picked_up":{"minecraft:wooden_axe":2,"minecraft:pink_petals":23,"minecraft:iron_chestplate":4,"minecraft:wheat":3,"minecraft:andesite":1,"minecraft:brown_wool":1,"minecraft:lead":7,"minecraft:oak_stairs":14,"minecraft:golden_boots":2,"minecraft:gunpowder":1,"minecraft:shield":6,"minecraft:lantern":2,"minecraft:string":3,"minecraft:dirt":52,"minecraft:white_banner":1,"minecraft:iron_axe":2,"minecraft:iron_leggings":2,"minecraft:bone":36,"minecraft:blackstone":4,"minecraft:gold_nugget":2,"minecraft:wheat_seeds":4,"minecraft:netherite_sword":2,"minecraft:beef":4,"minecraft:stone_pickaxe":3,"minecraft:enchanted_golden_apple":1,"minecraft:spruce_trapdoor":2,"minecraft:iron_boots":1,"minecraft:furnace":2,"minecraft:stick":3,"minecraft:cooked_porkchop":19,"minecraft:oak_fence":8,"minecraft:quartz":1,"minecraft:torch":119,"minecraft:dandelion":1,"minecraft:gravel":1,"minecraft:porkchop":15,"minecraft:jungle_planks":55,"minecraft:diorite":10,"minecraft:stone_sword":3,"minecraft:arrow":14,"minecraft:rotten_flesh":8,"minecraft:jungle_stairs":113,"minecraft:iron_helmet":5,"minecraft:bread":9,"minecraft:oak_sapling":9,"minecraft:diamond_pickaxe":1,"minecraft:oak_leaves":1,"minecraft:mutton":2,"minecraft:ender_pearl":1,"minecraft:white_wool":3,"minecraft:cobblestone":99}},"DataVersion":3465}