{"stats":{"minecraft:killed_by":{"minecraft:skeleton":1,"minecraft:zombie":1},"minecraft:custom":{"minecraft:interact_with_furnace":1,"minecraft:mob_kills":11,"minecraft:interact_with_anvil":3,"minecraft:animals_bred":1,"minecraft:interact_with_crafting_table":3,"minecraft:fill_cauldron":2,"minecraft:interact_with_loom":9,"minecraft:leave_game":1,"minecraft:time_since_death":68201,"minecraft:time_since_rest":68238,"minecraft:sprint_one_cm":168632,"minecraft:damage_taken":512,"minecraft:walk_one_cm":300943,"minecraft:trigger_trapped_chest":8,"minecraft:drop":13,"minecraft:damage_dealt":1933,"minecraft:swim_one_cm":1198,"minecraft:fly_one_cm":132991,"minecraft:crouch_one_cm":7740,"minecraft:play_time":88045,"minecraft:deaths":2,"minecraft:sneak_time":2331,"minecraft:walk_under_water_one_cm":261,"minecraft:jump":419,"minecraft:walk_on_water_one_cm":1995,"minecraft:total_world_time":88045,"minecraft:fall_one_cm":3625},"minecraft:killed":{"minecraft:sheep":2,"minecraft:skeleton":5,"minecraft:pillager":2,"minecraft:zombie":2},"minecraft:crafted":{"minecraft:shield":2},"minecraft:mined":{"minecraft:jungle_stairs":1,"minecraft:jungle_planks":1,"minecraft:diorite":8,"minecraft:wall_torch":1,"minecraft:andesite":1,"minecraft:stone":63},"minecraft:used":{"minecraft:oak_fence":27,"minecraft:water_bucket":2,"minecraft:netherite_sword":10,"minecraft:diorite":8,"minecraft:stone_sword":53,"minecraft:stone_pickaxe":73,"minecraft:oak_planks":97,"minecraft:stone":15,"minecraft:cauldron":4,"minecraft:sheep_spawn_egg":3,"minecraft:torch":114,"minecraft:dirt":59,"minecraft:anvil":3,"minecraft:loom":2,"minecraft:jungle_planks":39,"minecraft:oak_fence_gate":3,"minecraft:lantern":1,"minecraft:grass_block":99,"minecraft:jungle_stairs":12,"minecraft:spruce_trapdoor":7,"minecraft:iron_boots":1,"minecraft:cobblestone":26,"minecraft:iron_trapdoor":8,"minecraft:trapped_chest":10},"minecraft:dropped":{"minecraft:bread":13,"minecraft:stone_axe":1,"minecraft:stone_sword":2,"minecraft:cooked_porkchop":1,"minecraft:lead":1,"minecraft:name_tag":1,"minecraft:shield":2,"minecraft:torch":64,"minecraft:stone_pickaxe":1,"minecraft:bone":14},"minecraft:picked_up":{"minecraft:wooden_axe":2,"minecraft:iron_chestplate":1,"minecraft:andesite":1,"minecraft:brown_wool":1,"minecraft:lead":1,"minecraft:shield":3,"minecraft:white_banner":1,"minecraft:iron_axe":1,"minecraft:bone":3,"minecraft:stone_pickaxe":2,"minecraft:enchanted_golden_apple":1,"minecraft:iron_boots":1,"minecraft:furnace":2,"minecraft:torch":84,"minecraft:jungle_planks":55,"minecraft:diorite":10,"minecraft:stone_sword":3,"minecraft:arrow":11,"minecraft:rotten_flesh":1,"minecraft:jungle_stairs":113,"minecraft:bread":2,"minecraft:oak_sapling":6,"minecraft:mutton":2,"minecraft:white_wool":1,"minecraft:cobblestone":99}},"DataVersion":3465}