{"stats":{"minecraft:killed_by":{"minecraft:skeleton":1,"minecraft:zombie":1},"minecraft:custom":{"minecraft:interact_with_furnace":11,"minecraft:mob_kills":16,"minecraft:interact_with_anvil":4,"minecraft:animals_bred":1,"minecraft:interact_with_crafting_table":6,"minecraft:fill_cauldron":2,"minecraft:interact_with_loom":11,"minecraft:leave_game":1,"minecraft:time_since_death":152201,"minecraft:sleep_in_bed":7,"minecraft:climb_one_cm":111,"minecraft:time_since_rest":0,"minecraft:sprint_one_cm":289747,"minecraft:damage_taken":552,"minecraft:walk_one_cm":471372,"minecraft:trigger_trapped_chest":13,"minecraft:drop":68,"minecraft:damage_dealt":2849,"minecraft:swim_one_cm":1198,"minecraft:fly_one_cm":871658,"minecraft:crouch_one_cm":8408,"minecraft:play_time":172045,"minecraft:deaths":2,"minecraft:sneak_time":3381,"minecraft:walk_under_water_one_cm":261,"minecraft:jump":783,"minecraft:walk_on_water_one_cm":1995,"minecraft:total_world_time":172045,"minecraft:fall_one_cm":5367,"minecraft:horse_one_cm":163537},"minecraft:killed":{"minecraft:wolf":3,"minecraft:sheep":2,"minecraft:skeleton":5,"minecraft:pillager":2,"minecraft:zombie":4},"minecraft:crafted":{"minecraft:shield":3},"minecraft:mined":{"minecraft:jungle_stairs":1,"minecraft:jungle_planks":1,"minecraft:diorite":8,"minecraft:wall_torch":1,"minecraft:andesite":1,"minecraft:stone":63},"minecraft:used":{"minecraft:oak_fence":30,"minecraft:water_bucket":4,"minecraft:netherite_sword":16,"minecraft:diorite":8,"minecraft:stone_sword":58,"minecraft:lead":1,"minecraft:stone_pickaxe":73,"minecraft:oak_planks":97,"minecraft:oak_sign":3,"minecraft:stone":15,"minecraft:cauldron":4,"minecraft:sheep_spawn_egg":3,"minecraft:stone_hoe":7,"minecraft:torch":114,"minecraft:dirt":141,"minecraft:anvil":3,"minecraft:loom":2,"minecraft:jungle_planks":39,"minecraft:white_bed":2,"minecraft:oak_fence_gate":3,"minecraft:birch_fence":2,"minecraft:iron_axe":7,"minecraft:lantern":1,"minecraft:grass_block":99,"minecraft:jungle_stairs":12,"minecraft:spruce_trapdoor":7,"minecraft:iron_boots":1,"minecraft:cobblestone":26,"minecraft:iron_trapdoor":8,"minecraft:cooked_porkchop":13,"minecraft:trapped_chest":10},"minecraft:dropped":{"minecraft:bread":32,"minecraft:stone_axe":1,"minecraft:porkchop":42,"minecraft:stone_sword":2,"minecraft:cooked_porkchop":2,"minecraft:netherite_sword":1,"minecraft:lead":3,"minecraft:name_tag":2,"minecraft:shield":3,"minecraft:torch":64,"minecraft:stone_pickaxe":1,"minecraft:bone":14},"minecraft:picked_up":{"minecraft:wooden_axe":2,"minecraft:iron_chestplate":1,"minecraft:andesite":1,"minecraft:brown_wool":1,"minecraft:lead":4,"minecraft:shield":4,"minecraft:dirt":32,"minecraft:white_banner":1,"minecraft:iron_axe":1,"minecraft:bone":3,"minecraft:wheat_seeds":2,"minecraft:netherite_sword":1,"minecraft:stone_pickaxe":2,"minecraft:enchanted_golden_apple":1,"minecraft:spruce_trapdoor":1,"minecraft:iron_boots":1,"minecraft:furnace":2,"minecraft:torch":86,"minecraft:porkchop":15,"minecraft:jungle_planks":55,"minecraft:diorite":10,"minecraft:stone_sword":3,"minecraft:arrow":11,"minecraft:rotten_flesh":4,"minecraft:jungle_stairs":113,"minecraft:bread":9,"minecraft:oak_sapling":6,"minecraft:mutton":2,"minecraft:white_wool":1,"minecraft:cobblestone":99}},"DataVersion":3465}