{"stats":{"minecraft:mined":{"minecraft:birch_log":4,"minecraft:fire":3,"minecraft:spruce_log":4,"minecraft:birch_leaves":2,"minecraft:crafting_table":1,"minecraft:grass":5,"minecraft:grass_block":1,"minecraft:oak_log":9,"minecraft:tall_grass":1,"minecraft:stone":1,"minecraft:white_wool":2,"minecraft:oak_leaves":3},"minecraft:picked_up":{"minecraft:wooden_axe":1,"minecraft:birch_log":4,"minecraft:crafting_table":1,"minecraft:cooked_porkchop":7,"minecraft:leather":2,"minecraft:porkchop":6,"minecraft:oak_log":9,"minecraft:white_bed":1,"minecraft:spruce_log":4,"minecraft:dirt":1,"minecraft:beef":5,"minecraft:mutton":3,"minecraft:white_wool":4,"minecraft:cobblestone":1},"minecraft:used":{"minecraft:wooden_axe":14,"minecraft:flint_and_steel":6,"minecraft:stone_pickaxe":1,"minecraft:stone_axe":34,"minecraft:white_wool":2,"minecraft:dirt":1,"minecraft:mutton":3,"minecraft:crafting_table":2,"minecraft:furnace":2,"minecraft:cooked_porkchop":2,"minecraft:white_bed":1},"minecraft:custom":{"minecraft:time_since_rest":24000,"minecraft:sprint_one_cm":42518,"minecraft:damage_taken":280,"minecraft:walk_one_cm":53088,"minecraft:trigger_trapped_chest":5,"minecraft:mob_kills":11,"minecraft:damage_dealt":829,"minecraft:interact_with_crafting_table":3,"minecraft:fly_one_cm":49878,"minecraft:crouch_one_cm":3548,"minecraft:play_time":24000,"minecraft:sneak_time":2075,"minecraft:boat_one_cm":18497,"minecraft:jump":292,"minecraft:time_since_death":24000,"minecraft:total_world_time":24000,"minecraft:fall_one_cm":7688},"minecraft:crafted":{"minecraft:oak_planks":8,"minecraft:crafting_table":1,"minecraft:spruce_planks":16,"minecraft:stick":8,"minecraft:stone_pickaxe":1,"minecraft:furnace":2,"minecraft:stone_axe":1},"minecraft:killed":{"minecraft:sheep":2,"minecraft:pig":7,"minecraft:cow":2},"minecraft:broken":{"minecraft:stone_axe":1}},"DataVersion":3465}