{"stats":{"minecraft:killed_by":{"minecraft:zombie":1},"minecraft:mined":{"minecraft:white_bed":3,"minecraft:crafting_table":3,"minecraft:torch":4,"minecraft:granite":4,"minecraft:grass_block":1,"minecraft:tall_grass":1,"minecraft:cobblestone":38,"minecraft:lapis_ore":8,"minecraft:diorite":2,"minecraft:wall_torch":3,"minecraft:furnace":2,"minecraft:birch_log":4,"minecraft:iron_ore":9,"minecraft:fire":3,"minecraft:spruce_log":4,"minecraft:birch_leaves":2,"minecraft:andesite":1,"minecraft:grass":11,"minecraft:oak_log":9,"minecraft:pointed_dripstone":17,"minecraft:coal_ore":19,"minecraft:deepslate_iron_ore":3,"minecraft:dripstone_block":15,"minecraft:stone":65,"minecraft:white_wool":2,"minecraft:deepslate":3,"minecraft:oak_leaves":3},"minecraft:picked_up":{"minecraft:wooden_axe":1,"minecraft:birch_log":8,"minecraft:crafting_table":3,"minecraft:cooked_beef":63,"minecraft:glow_ink_sac":4,"minecraft:andesite":1,"minecraft:leather":2,"minecraft:wooden_pickaxe":1,"minecraft:oak_log":9,"minecraft:shield":1,"minecraft:lapis_lazuli":92,"minecraft:string":1,"minecraft:dirt":1,"minecraft:flint_and_steel":1,"minecraft:bone":4,"minecraft:wheat_seeds":2,"minecraft:cobbled_deepslate":6,"minecraft:spruce_planks":12,"minecraft:iron_ingot":5,"minecraft:beef":5,"minecraft:iron_pickaxe":1,"minecraft:furnace":2,"minecraft:raw_iron":16,"minecraft:cooked_porkchop":9,"minecraft:torch":9,"minecraft:dripstone_block":15,"minecraft:porkchop":12,"minecraft:pointed_dripstone":41,"minecraft:diorite":2,"minecraft:white_bed":4,"minecraft:spruce_log":4,"minecraft:spider_eye":1,"minecraft:arrow":4,"minecraft:stone_axe":1,"minecraft:granite":4,"minecraft:mutton":3,"minecraft:coal":36,"minecraft:white_wool":4,"minecraft:cobblestone":167},"minecraft:used":{"minecraft:diorite":2,"minecraft:flint_and_steel":6,"minecraft:stone_pickaxe":131,"minecraft:shield":15,"minecraft:white_wool":2,"minecraft:torch":10,"minecraft:dirt":1,"minecraft:mutton":3,"minecraft:crafting_table":3,"minecraft:white_bed":3,"minecraft:granite":4,"minecraft:wooden_axe":14,"minecraft:iron_pickaxe":55,"minecraft:stone_axe":66,"minecraft:cobblestone":137,"minecraft:furnace":2,"minecraft:cooked_porkchop":5,"minecraft:cooked_beef":1},"minecraft:custom":{"minecraft:interact_with_furnace":4,"minecraft:mob_kills":18,"minecraft:interact_with_crafting_table":6,"minecraft:leave_game":1,"minecraft:time_since_death":8880,"minecraft:sleep_in_bed":3,"minecraft:time_since_rest":372,"minecraft:sprint_one_cm":65982,"minecraft:damage_taken":895,"minecraft:walk_one_cm":94772,"minecraft:damage_blocked_by_shield":420,"minecraft:trigger_trapped_chest":5,"minecraft:damage_dealt":2231,"minecraft:fly_one_cm":72598,"minecraft:crouch_one_cm":24501,"minecraft:play_time":56924,"minecraft:deaths":1,"minecraft:sneak_time":13513,"minecraft:walk_under_water_one_cm":186,"minecraft:boat_one_cm":18497,"minecraft:jump":571,"minecraft:walk_on_water_one_cm":2548,"minecraft:total_world_time":56924,"minecraft:fall_one_cm":14773},"minecraft:crafted":{"minecraft:oak_planks":8,"minecraft:crafting_table":1,"minecraft:spruce_planks":16,"minecraft:furnace":2,"minecraft:stone_axe":1,"minecraft:air":0,"minecraft:stick":8,"minecraft:iron_ingot":3,"minecraft:iron_pickaxe":1,"minecraft:stone_pickaxe":1,"minecraft:torch":4},"minecraft:killed":{"minecraft:pig":7,"minecraft:spider":1,"minecraft:sheep":2,"minecraft:skeleton":5,"minecraft:zombie":1,"minecraft:cow":2},"minecraft:broken":{"minecraft:stone_pickaxe":1,"minecraft:stone_axe":1}},"DataVersion":3465}