{"stats":{"minecraft:picked_up":{"minecraft:white_bed":1},"minecraft:custom":{"minecraft:jump":62,"minecraft:time_since_rest":12000,"minecraft:crouch_one_cm":732,"minecraft:sprint_one_cm":4511,"minecraft:play_time":12000,"minecraft:damage_taken":120,"minecraft:time_since_death":12000,"minecraft:walk_one_cm":24533,"minecraft:sneak_time":353,"minecraft:trigger_trapped_chest":5,"minecraft:total_world_time":12000,"minecraft:boat_one_cm":18497,"minecraft:fall_one_cm":2407,"minecraft:fly_one_cm":13982}},"DataVersion":3465}