{"stats":{"minecraft:mined":{"minecraft:crafting_table":2,"minecraft:torch":4,"minecraft:granite":4,"minecraft:grass_block":1,"minecraft:tall_grass":1,"minecraft:cobblestone":37,"minecraft:lapis_ore":8,"minecraft:diorite":2,"minecraft:wall_torch":3,"minecraft:birch_log":4,"minecraft:iron_ore":9,"minecraft:fire":3,"minecraft:spruce_log":4,"minecraft:birch_leaves":2,"minecraft:andesite":1,"minecraft:grass":10,"minecraft:oak_log":9,"minecraft:pointed_dripstone":17,"minecraft:coal_ore":19,"minecraft:deepslate_iron_ore":3,"minecraft:dripstone_block":15,"minecraft:stone":65,"minecraft:white_wool":2,"minecraft:deepslate":3,"minecraft:oak_leaves":3},"minecraft:picked_up":{"minecraft:wooden_axe":1,"minecraft:birch_log":4,"minecraft:crafting_table":2,"minecraft:glow_ink_sac":2,"minecraft:andesite":1,"minecraft:leather":2,"minecraft:oak_log":9,"minecraft:lapis_lazuli":46,"minecraft:dirt":1,"minecraft:bone":2,"minecraft:wheat_seeds":2,"minecraft:cobbled_deepslate":3,"minecraft:beef":5,"minecraft:raw_iron":12,"minecraft:cooked_porkchop":7,"minecraft:torch":8,"minecraft:dripstone_block":15,"minecraft:porkchop":6,"minecraft:pointed_dripstone":19,"minecraft:diorite":2,"minecraft:white_bed":1,"minecraft:spruce_log":4,"minecraft:arrow":4,"minecraft:granite":4,"minecraft:mutton":3,"minecraft:coal":19,"minecraft:white_wool":4,"minecraft:cobblestone":102},"minecraft:used":{"minecraft:diorite":2,"minecraft:flint_and_steel":6,"minecraft:stone_pickaxe":131,"minecraft:shield":9,"minecraft:white_wool":2,"minecraft:torch":10,"minecraft:dirt":1,"minecraft:mutton":3,"minecraft:crafting_table":3,"minecraft:white_bed":1,"minecraft:granite":4,"minecraft:wooden_axe":14,"minecraft:iron_pickaxe":52,"minecraft:stone_axe":52,"minecraft:cobblestone":135,"minecraft:furnace":2,"minecraft:cooked_porkchop":5},"minecraft:custom":{"minecraft:interact_with_furnace":3,"minecraft:mob_kills":14,"minecraft:interact_with_crafting_table":6,"minecraft:time_since_death":48000,"minecraft:sleep_in_bed":2,"minecraft:time_since_rest":7392,"minecraft:sprint_one_cm":58112,"minecraft:damage_taken":710,"minecraft:walk_one_cm":81085,"minecraft:damage_blocked_by_shield":250,"minecraft:trigger_trapped_chest":5,"minecraft:damage_dealt":1535,"minecraft:fly_one_cm":54406,"minecraft:crouch_one_cm":21113,"minecraft:play_time":48000,"minecraft:sneak_time":11045,"minecraft:walk_under_water_one_cm":186,"minecraft:boat_one_cm":18497,"minecraft:jump":477,"minecraft:walk_on_water_one_cm":2548,"minecraft:total_world_time":48000,"minecraft:fall_one_cm":13192},"minecraft:crafted":{"minecraft:oak_planks":8,"minecraft:crafting_table":1,"minecraft:spruce_planks":16,"minecraft:furnace":2,"minecraft:stone_axe":1,"minecraft:air":0,"minecraft:stick":8,"minecraft:iron_ingot":3,"minecraft:iron_pickaxe":1,"minecraft:stone_pickaxe":1,"minecraft:torch":4},"minecraft:killed":{"minecraft:pig":7,"minecraft:sheep":2,"minecraft:skeleton":3,"minecraft:cow":2},"minecraft:broken":{"minecraft:stone_pickaxe":1,"minecraft:stone_axe":1}},"DataVersion":3465}