{"stats":{"minecraft:mined":{"minecraft:iron_ore":8,"minecraft:birch_log":4,"minecraft:fire":3,"minecraft:andesite":1,"minecraft:spruce_log":4,"minecraft:birch_leaves":2,"minecraft:crafting_table":1,"minecraft:granite":4,"minecraft:grass":10,"minecraft:coal_ore":19,"minecraft:grass_block":1,"minecraft:oak_log":9,"minecraft:tall_grass":1,"minecraft:cobblestone":2,"minecraft:lapis_ore":2,"minecraft:stone":63,"minecraft:diorite":2,"minecraft:white_wool":2,"minecraft:wall_torch":2,"minecraft:oak_leaves":3},"minecraft:picked_up":{"minecraft:wooden_axe":1,"minecraft:birch_log":4,"minecraft:raw_iron":8,"minecraft:crafting_table":1,"minecraft:cooked_porkchop":7,"minecraft:andesite":1,"minecraft:leather":2,"minecraft:torch":3,"minecraft:porkchop":6,"minecraft:oak_log":9,"minecraft:diorite":2,"minecraft:white_bed":1,"minecraft:spruce_log":4,"minecraft:lapis_lazuli":12,"minecraft:dirt":1,"minecraft:bone":1,"minecraft:arrow":2,"minecraft:wheat_seeds":2,"minecraft:granite":4,"minecraft:beef":5,"minecraft:mutton":3,"minecraft:coal":19,"minecraft:white_wool":4,"minecraft:cobblestone":64},"minecraft:used":{"minecraft:wooden_axe":14,"minecraft:flint_and_steel":6,"minecraft:stone_pickaxe":101,"minecraft:shield":4,"minecraft:torch":3,"minecraft:stone_axe":46,"minecraft:white_wool":2,"minecraft:dirt":1,"minecraft:cobblestone":37,"minecraft:mutton":3,"minecraft:crafting_table":2,"minecraft:furnace":2,"minecraft:cooked_porkchop":4,"minecraft:white_bed":1,"minecraft:granite":4},"minecraft:custom":{"minecraft:time_since_rest":9899,"minecraft:sprint_one_cm":56496,"minecraft:damage_taken":370,"minecraft:walk_one_cm":70189,"minecraft:damage_blocked_by_shield":120,"minecraft:trigger_trapped_chest":5,"minecraft:mob_kills":13,"minecraft:damage_dealt":1228,"minecraft:interact_with_crafting_table":3,"minecraft:fly_one_cm":54091,"minecraft:crouch_one_cm":8704,"minecraft:play_time":36000,"minecraft:sneak_time":5729,"minecraft:boat_one_cm":18497,"minecraft:jump":393,"minecraft:time_since_death":36000,"minecraft:sleep_in_bed":1,"minecraft:total_world_time":36000,"minecraft:fall_one_cm":9282},"minecraft:crafted":{"minecraft:oak_planks":8,"minecraft:crafting_table":1,"minecraft:spruce_planks":16,"minecraft:stick":8,"minecraft:stone_pickaxe":1,"minecraft:furnace":2,"minecraft:torch":4,"minecraft:stone_axe":1},"minecraft:killed":{"minecraft:sheep":2,"minecraft:skeleton":2,"minecraft:pig":7,"minecraft:cow":2},"minecraft:broken":{"minecraft:stone_axe":1}},"DataVersion":3465}