{"stats":{"minecraft:killed_by":{"minecraft:zombie":1},"minecraft:mined":{"minecraft:white_bed":3,"minecraft:cherry_log":7,"minecraft:crafting_table":4,"minecraft:torch":4,"minecraft:granite":4,"minecraft:grass_block":2,"minecraft:tall_grass":1,"minecraft:cobblestone":38,"minecraft:lapis_ore":8,"minecraft:diorite":2,"minecraft:wall_torch":4,"minecraft:pink_petals":8,"minecraft:furnace":2,"minecraft:birch_log":4,"minecraft:iron_ore":9,"minecraft:fire":3,"minecraft:spruce_log":4,"minecraft:andesite":1,"minecraft:birch_leaves":2,"minecraft:grass":16,"minecraft:coal_ore":19,"minecraft:pointed_dripstone":17,"minecraft:oak_log":9,"minecraft:deepslate_iron_ore":3,"minecraft:dirt":2,"minecraft:dripstone_block":15,"minecraft:stone":82,"minecraft:white_wool":2,"minecraft:oak_leaves":4,"minecraft:deepslate":3},"minecraft:picked_up":{"minecraft:wooden_axe":1,"minecraft:birch_log":8,"minecraft:pink_petals":217,"minecraft:crafting_table":4,"minecraft:cooked_beef":63,"minecraft:glow_ink_sac":4,"minecraft:andesite":1,"minecraft:leather":2,"minecraft:wooden_pickaxe":1,"minecraft:oak_log":9,"minecraft:shield":1,"minecraft:lapis_lazuli":92,"minecraft:string":1,"minecraft:dirt":4,"minecraft:flint_and_steel":1,"minecraft:bone":4,"minecraft:wheat_seeds":6,"minecraft:cobbled_deepslate":6,"minecraft:spruce_planks":12,"minecraft:iron_ingot":5,"minecraft:beef":5,"minecraft:iron_pickaxe":1,"minecraft:furnace":2,"minecraft:raw_iron":16,"minecraft:cooked_porkchop":9,"minecraft:torch":10,"minecraft:dripstone_block":15,"minecraft:porkchop":12,"minecraft:cherry_log":7,"minecraft:pointed_dripstone":41,"minecraft:diorite":2,"minecraft:white_bed":4,"minecraft:spruce_log":4,"minecraft:spider_eye":1,"minecraft:arrow":4,"minecraft:stone_axe":1,"minecraft:granite":4,"minecraft:mutton":3,"minecraft:coal":36,"minecraft:white_wool":4,"minecraft:cobblestone":184},"minecraft:used":{"minecraft:water_bucket":8,"minecraft:diorite":2,"minecraft:flint_and_steel":6,"minecraft:stone_pickaxe":131,"minecraft:shield":15,"minecraft:white_wool":2,"minecraft:torch":11,"minecraft:dirt":4,"minecraft:mutton":3,"minecraft:crafting_table":5,"minecraft:white_bed":4,"minecraft:granite":4,"minecraft:wooden_axe":14,"minecraft:lava_bucket":1,"minecraft:iron_pickaxe":74,"minecraft:pink_petals":212,"minecraft:stone_axe":89,"minecraft:cobblestone":137,"minecraft:furnace":4,"minecraft:cooked_porkchop":5,"minecraft:bucket":10,"minecraft:cooked_beef":4,"minecraft:pointed_dripstone":1},"minecraft:custom":{"minecraft:interact_with_furnace":6,"minecraft:mob_kills":18,"minecraft:interact_with_crafting_table":10,"minecraft:leave_game":1,"minecraft:time_since_death":56880,"minecraft:sleep_in_bed":4,"minecraft:time_since_rest":36408,"minecraft:sprint_one_cm":95944,"minecraft:damage_taken":1025,"minecraft:walk_one_cm":113568,"minecraft:damage_blocked_by_shield":420,"minecraft:trigger_trapped_chest":7,"minecraft:damage_dealt":2231,"minecraft:swim_one_cm":2908,"minecraft:fly_one_cm":102985,"minecraft:crouch_one_cm":28866,"minecraft:play_time":104924,"minecraft:deaths":1,"minecraft:sneak_time":15598,"minecraft:walk_under_water_one_cm":1544,"minecraft:boat_one_cm":18497,"minecraft:jump":843,"minecraft:walk_on_water_one_cm":5123,"minecraft:total_world_time":104924,"minecraft:fall_one_cm":20157},"minecraft:crafted":{"minecraft:cherry_planks":28,"minecraft:oak_planks":8,"minecraft:crafting_table":1,"minecraft:spruce_planks":16,"minecraft:furnace":2,"minecraft:bucket":1,"minecraft:stone_axe":1,"minecraft:air":0,"minecraft:stick":8,"minecraft:iron_ingot":3,"minecraft:iron_pickaxe":1,"minecraft:stone_pickaxe":1,"minecraft:torch":4},"minecraft:killed":{"minecraft:pig":7,"minecraft:spider":1,"minecraft:sheep":2,"minecraft:skeleton":5,"minecraft:zombie":1,"minecraft:cow":2},"minecraft:broken":{"minecraft:stone_pickaxe":1,"minecraft:stone_axe":1}},"DataVersion":3465}