{"stats":{"minecraft:killed_by":{"minecraft:player":1,"minecraft:piglin_brute":1},"minecraft:custom":{"minecraft:mob_kills":37,"minecraft:interact_with_anvil":3,"minecraft:animals_bred":6,"minecraft:interact_with_crafting_table":30,"minecraft:leave_game":1,"minecraft:time_since_death":665,"minecraft:sprint_one_cm":367617,"minecraft:walk_one_cm":489731,"minecraft:damage_blocked_by_shield":380,"minecraft:drop":55,"minecraft:play_time":166278,"minecraft:deaths":6,"minecraft:sneak_time":5951,"minecraft:walk_under_water_one_cm":9522,"minecraft:jump":2542,"minecraft:walk_on_water_one_cm":8334,"minecraft:total_world_time":166278,"minecraft:interact_with_furnace":30,"minecraft:interact_with_loom":1,"minecraft:sleep_in_bed":11,"minecraft:time_since_rest":714,"minecraft:damage_taken":4087,"minecraft:trigger_trapped_chest":35,"minecraft:damage_dealt":7156,"minecraft:player_kills":1,"minecraft:fly_one_cm":390021,"minecraft:swim_one_cm":12355,"minecraft:open_chest":2,"minecraft:crouch_one_cm":15065,"minecraft:fall_one_cm":76987,"minecraft:horse_one_cm":866764},"minecraft:killed":{"minecraft:zombified_piglin":2,"minecraft:endermite":1,"minecraft:spider":5,"minecraft:skeleton":5,"minecraft:zombie_villager":1,"minecraft:sheep":2,"minecraft:pillager":1,"minecraft:zombie":14,"minecraft:glow_squid":2,"minecraft:enderman":1,"minecraft:cow":3},"minecraft:broken":{"minecraft:iron_axe":1,"minecraft:stone_axe":1},"minecraft:mined":{"minecraft:spruce_trapdoor":7,"minecraft:granite":23,"minecraft:grass_block":72,"minecraft:cracked_polished_blackstone_bricks":13,"minecraft:nether_wart":5,"minecraft:polished_blackstone_bricks":16,"minecraft:magma_block":12,"minecraft:glowstone":16,"minecraft:fire":8,"minecraft:iron_ore":34,"minecraft:gold_block":3,"minecraft:oak_stairs":11,"minecraft:stone":77,"minecraft:blackstone":20,"minecraft:dandelion":1,"minecraft:oak_fence":13,"minecraft:torch":7,"minecraft:melon":1,"minecraft:nether_quartz_ore":1,"minecraft:cobblestone":20,"minecraft:tall_grass":10,"minecraft:polished_blackstone_brick_stairs":1,"minecraft:oak_planks":4,"minecraft:diorite":19,"minecraft:wall_torch":4,"minecraft:pink_petals":7,"minecraft:birch_planks":1,"minecraft:birch_log":4,"minecraft:wheat":22,"minecraft:bee_nest":1,"minecraft:white_wall_banner":1,"minecraft:grass":106,"minecraft:coal_ore":4,"minecraft:oak_log":50,"minecraft:dirt":24,"minecraft:gravel":3,"minecraft:netherrack":9,"minecraft:oak_leaves":123},"minecraft:crafted":{"minecraft:oak_planks":200,"minecraft:stone_shovel":1,"minecraft:oak_sign":6,"minecraft:bone_meal":105,"minecraft:cooked_mutton":31,"minecraft:iron_boots":1,"minecraft:iron_axe":2,"minecraft:stone_pickaxe":1,"minecraft:oak_button":1,"minecraft:oak_fence":30,"minecraft:cooked_porkchop":26,"minecraft:iron_helmet":1,"minecraft:birch_planks":16,"minecraft:iron_chestplate":1,"minecraft:stick":32,"minecraft:iron_ingot":32,"minecraft:iron_pickaxe":1,"minecraft:oak_stairs":68,"minecraft:iron_leggings":1},"minecraft:used":{"minecraft:oak_fence":35,"minecraft:stone_shovel":132,"minecraft:oak_sign":6,"minecraft:shield":14,"minecraft:netherrack":23,"minecraft:rotten_flesh":4,"minecraft:torch":70,"minecraft:dirt":93,"minecraft:granite":12,"minecraft:iron_axe":195,"minecraft:oak_stairs":65,"minecraft:iron_boots":2,"minecraft:oak_sapling":1,"minecraft:iron_leggings":1,"minecraft:golden_boots":3,"minecraft:wheat_seeds":21,"minecraft:cooked_mutton":11,"minecraft:birch_planks":1,"minecraft:stone_pickaxe":49,"minecraft:oak_planks":32,"minecraft:blackstone":2,"minecraft:ender_pearl":1,"minecraft:wooden_pickaxe":4,"minecraft:glow_ink_sac":4,"minecraft:oak_leaves":86,"minecraft:shears":87,"minecraft:melon_slice":5,"minecraft:bread":6,"minecraft:iron_pickaxe":227,"minecraft:spruce_trapdoor":5,"minecraft:gravel":2,"minecraft:pink_petals":2,"minecraft:stone_axe":88,"minecraft:cobblestone":46,"minecraft:porkchop":14,"minecraft:white_banner":2,"minecraft:cooked_porkchop":14,"minecraft:bucket":1,"minecraft:dandelion":1,"minecraft:bone_meal":35},"minecraft:dropped":{"minecraft:water_bucket":1,"minecraft:golden_boots":1,"minecraft:bread":3,"minecraft:birch_planks":16,"minecraft:wheat_seeds":53,"minecraft:iron_helmet":1,"minecraft:cobblestone":41,"minecraft:lead":2,"minecraft:leather":5,"minecraft:granite":9,"minecraft:grass_block":1,"minecraft:diorite":10,"minecraft:torch":1,"minecraft:iron_leggings":2,"minecraft:bone_meal":70,"minecraft:dandelion":1,"minecraft:wheat":7,"minecraft:stone_shovel":1,"minecraft:rotten_flesh":8,"minecraft:cooked_mutton":15,"minecraft:shears":1,"minecraft:oak_button":1,"minecraft:iron_chestplate":2,"minecraft:oak_sapling":4,"minecraft:spider_eye":4,"minecraft:arrow":4,"minecraft:stone_pickaxe":1,"minecraft:wooden_pickaxe":1},"minecraft:picked_up":{"minecraft:crafting_table":1,"minecraft:iron_chestplate":3,"minecraft:wheat":22,"minecraft:nether_wart":16,"minecraft:lead":21,"minecraft:wooden_pickaxe":1,"minecraft:oak_stairs":25,"minecraft:gold_block":3,"minecraft:shield":2,"minecraft:string":6,"minecraft:iron_axe":1,"minecraft:iron_leggings":3,"minecraft:blackstone":21,"minecraft:bucket":1,"minecraft:beef":8,"minecraft:iron_pickaxe":1,"minecraft:melon_slice":5,"minecraft:spruce_trapdoor":5,"minecraft:iron_boots":1,"minecraft:stick":6,"minecraft:raw_iron":32,"minecraft:oak_fence":21,"minecraft:torch":91,"minecraft:porkchop":23,"minecraft:polished_blackstone_bricks":14,"minecraft:diorite":48,"minecraft:arrow":10,"minecraft:rotten_flesh":12,"minecraft:shears":1,"minecraft:mutton":1,"minecraft:white_wool":4,"minecraft:cobblestone":88,"minecraft:birch_log":4,"minecraft:pink_petals":16,"minecraft:magma_block":12,"minecraft:glow_ink_sac":4,"minecraft:leather":5,"minecraft:birch_planks":1,"minecraft:flint":1,"minecraft:oak_log":50,"minecraft:golden_boots":3,"minecraft:dirt":94,"minecraft:white_banner":2,"minecraft:name_tag":1,"minecraft:cooked_mutton":10,"minecraft:bone":53,"minecraft:apple":1,"minecraft:wheat_seeds":79,"minecraft:stone_pickaxe":1,"minecraft:iron_ingot":1,"minecraft:glowstone_dust":82,"minecraft:oak_planks":31,"minecraft:quartz":2,"minecraft:dandelion":2,"minecraft:gravel":2,"minecraft:grass_block":1,"minecraft:spider_eye":4,"minecraft:stone_axe":1,"minecraft:cracked_polished_blackstone_bricks":13,"minecraft:iron_helmet":2,"minecraft:granite":21,"minecraft:bread":9,"minecraft:netherrack":31,"minecraft:oak_sapling":8,"minecraft:coal":3,"minecraft:oak_leaves":119,"minecraft:ender_pearl":1}},"DataVersion":3465}