{"stats":{"minecraft:custom":{"minecraft:time_since_rest":5169,"minecraft:crouch_one_cm":2151,"minecraft:interact_with_furnace":2,"minecraft:play_time":11279,"minecraft:sprint_one_cm":40822,"minecraft:damage_taken":403,"minecraft:walk_one_cm":20477,"minecraft:deaths":1,"minecraft:sneak_time":299,"minecraft:trigger_trapped_chest":2,"minecraft:walk_under_water_one_cm":2300,"minecraft:mob_kills":1,"minecraft:boat_one_cm":13943,"minecraft:jump":136,"minecraft:damage_dealt":189,"minecraft:leave_game":3,"minecraft:walk_on_water_one_cm":267,"minecraft:time_since_death":5140,"minecraft:sleep_in_bed":2,"minecraft:total_world_time":11279,"minecraft:interact_with_crafting_table":1,"minecraft:fall_one_cm":6501,"minecraft:fly_one_cm":32885,"minecraft:horse_one_cm":2720},"minecraft:killed_by":{"minecraft:skeleton":1},"minecraft:picked_up":{"minecraft:arrow":1,"minecraft:rotten_flesh":4,"minecraft:bow":1,"minecraft:lead":2,"minecraft:dandelion":1},"minecraft:used":{"minecraft:rotten_flesh":2,"minecraft:bow":1,"minecraft:dandelion":1},"minecraft:killed":{"minecraft:skeleton":1},"minecraft:mined":{"minecraft:grass":2,"minecraft:dandelion":1,"minecraft:oak_leaves":4}},"DataVersion":3465}