{"stats":{"minecraft:custom":{"minecraft:time_since_rest":4252,"minecraft:play_time":6000,"minecraft:crouch_one_cm":878,"minecraft:sprint_one_cm":17277,"minecraft:walk_one_cm":10681,"minecraft:damage_taken":450,"minecraft:deaths":1,"minecraft:sneak_time":461,"minecraft:animals_bred":1,"minecraft:jump":130,"minecraft:damage_dealt":7,"minecraft:time_since_death":4217,"minecraft:total_world_time":6000,"minecraft:fall_one_cm":6865,"minecraft:fly_one_cm":23606},"minecraft:used":{"minecraft:birch_planks":1,"minecraft:oak_planks":1},"minecraft:mined":{"minecraft:grass":3,"minecraft:grass_block":1,"minecraft:birch_planks":1,"minecraft:oak_planks":1,"minecraft:oak_leaves":4},"minecraft:picked_up":{"minecraft:torch":1,"minecraft:birch_planks":1,"minecraft:porkchop":3,"minecraft:oak_sapling":1,"minecraft:oak_planks":1}},"DataVersion":3465}