{"stats":{"minecraft:killed_by":{"minecraft:player":1},"minecraft:custom":{"minecraft:interact_with_furnace":10,"minecraft:mob_kills":14,"minecraft:animals_bred":2,"minecraft:interact_with_crafting_table":13,"minecraft:time_since_death":47797,"minecraft:sleep_in_bed":4,"minecraft:time_since_rest":10264,"minecraft:sprint_one_cm":138230,"minecraft:damage_taken":1946,"minecraft:walk_one_cm":170816,"minecraft:damage_blocked_by_shield":240,"minecraft:trigger_trapped_chest":10,"minecraft:drop":16,"minecraft:damage_dealt":2727,"minecraft:swim_one_cm":2542,"minecraft:fly_one_cm":149984,"minecraft:crouch_one_cm":5896,"minecraft:play_time":54000,"minecraft:deaths":2,"minecraft:sneak_time":2266,"minecraft:walk_under_water_one_cm":439,"minecraft:jump":940,"minecraft:walk_on_water_one_cm":392,"minecraft:total_world_time":54000,"minecraft:fall_one_cm":26873,"minecraft:horse_one_cm":406},"minecraft:killed":{"minecraft:zombie_villager":1,"minecraft:spider":3,"minecraft:skeleton":3,"minecraft:zombie":7},"minecraft:mined":{"minecraft:oak_fence":1,"minecraft:spruce_trapdoor":1,"minecraft:torch":6,"minecraft:granite":23,"minecraft:grass_block":7,"minecraft:tall_grass":1,"minecraft:cobblestone":18,"minecraft:oak_planks":1,"minecraft:diorite":19,"minecraft:wall_torch":2,"minecraft:birch_planks":1,"minecraft:iron_ore":25,"minecraft:bee_nest":1,"minecraft:grass":51,"minecraft:oak_log":29,"minecraft:coal_ore":3,"minecraft:oak_stairs":8,"minecraft:dirt":4,"minecraft:stone":70,"minecraft:oak_leaves":14},"minecraft:used":{"minecraft:birch_planks":1,"minecraft:stone_pickaxe":10,"minecraft:oak_planks":1,"minecraft:wooden_pickaxe":4,"minecraft:shield":9,"minecraft:torch":37,"minecraft:dirt":1,"minecraft:granite":12,"minecraft:iron_axe":81,"minecraft:oak_stairs":53,"minecraft:iron_pickaxe":148,"minecraft:stone_axe":16,"minecraft:cobblestone":46,"minecraft:cooked_porkchop":14,"minecraft:oak_sapling":1,"minecraft:porkchop":10,"minecraft:bucket":1},"minecraft:crafted":{"minecraft:oak_planks":116,"minecraft:cooked_porkchop":26,"minecraft:iron_helmet":1,"minecraft:iron_boots":1,"minecraft:iron_chestplate":1,"minecraft:iron_axe":1,"minecraft:stick":4,"minecraft:iron_ingot":23,"minecraft:iron_pickaxe":1,"minecraft:oak_stairs":68},"minecraft:picked_up":{"minecraft:wooden_pickaxe":1,"minecraft:oak_stairs":8,"minecraft:birch_planks":1,"minecraft:oak_log":29,"minecraft:shield":1,"minecraft:dirt":10,"minecraft:bone":3,"minecraft:wheat_seeds":4,"minecraft:bucket":1,"minecraft:oak_planks":1,"minecraft:raw_iron":23,"minecraft:oak_fence":1,"minecraft:torch":62,"minecraft:porkchop":23,"minecraft:diorite":19,"minecraft:spider_eye":1,"minecraft:arrow":2,"minecraft:rotten_flesh":7,"minecraft:stone_axe":1,"minecraft:granite":21,"minecraft:bread":9,"minecraft:oak_sapling":3,"minecraft:coal":2,"minecraft:cobblestone":81},"minecraft:dropped":{"minecraft:water_bucket":1,"minecraft:wheat_seeds":4,"minecraft:rotten_flesh":4,"minecraft:granite":9,"minecraft:torch":1,"minecraft:stone_pickaxe":1}},"DataVersion":3465}