{"stats":{"minecraft:killed_by":{"minecraft:player":1},"minecraft:custom":{"minecraft:time_since_rest":4727,"minecraft:interact_with_furnace":4,"minecraft:sprint_one_cm":77100,"minecraft:damage_taken":1336,"minecraft:walk_one_cm":108338,"minecraft:trigger_trapped_chest":7,"minecraft:mob_kills":2,"minecraft:drop":5,"minecraft:animals_bred":2,"minecraft:damage_dealt":289,"minecraft:interact_with_crafting_table":4,"minecraft:fly_one_cm":80540,"minecraft:crouch_one_cm":3482,"minecraft:play_time":30000,"minecraft:deaths":2,"minecraft:sneak_time":1171,"minecraft:jump":500,"minecraft:time_since_death":23797,"minecraft:sleep_in_bed":3,"minecraft:total_world_time":30000,"minecraft:fall_one_cm":16287,"minecraft:horse_one_cm":406},"minecraft:killed":{"minecraft:zombie":2},"minecraft:crafted":{"minecraft:cooked_porkchop":26},"minecraft:used":{"minecraft:birch_planks":1,"minecraft:stone_pickaxe":10,"minecraft:oak_planks":1,"minecraft:wooden_pickaxe":4,"minecraft:stone_axe":1,"minecraft:torch":3,"minecraft:dirt":1,"minecraft:cobblestone":4,"minecraft:porkchop":1,"minecraft:oak_sapling":1,"minecraft:cooked_porkchop":9},"minecraft:mined":{"minecraft:birch_planks":1,"minecraft:iron_ore":6,"minecraft:torch":2,"minecraft:spruce_trapdoor":1,"minecraft:grass":43,"minecraft:grass_block":2,"minecraft:tall_grass":1,"minecraft:cobblestone":4,"minecraft:stone":4,"minecraft:oak_planks":1,"minecraft:oak_leaves":5,"minecraft:wall_torch":1},"minecraft:dropped":{"minecraft:wheat_seeds":4,"minecraft:torch":1,"minecraft:rotten_flesh":4},"minecraft:picked_up":{"minecraft:raw_iron":6,"minecraft:torch":56,"minecraft:wooden_pickaxe":1,"minecraft:birch_planks":1,"minecraft:porkchop":12,"minecraft:shield":1,"minecraft:dirt":1,"minecraft:rotten_flesh":4,"minecraft:stone_axe":1,"minecraft:wheat_seeds":4,"minecraft:oak_sapling":2,"minecraft:oak_planks":1,"minecraft:cobblestone":8}},"DataVersion":3465}