{"stats":{"minecraft:killed_by":{"minecraft:player":1},"minecraft:custom":{"minecraft:interact_with_furnace":18,"minecraft:interact_with_anvil":3,"minecraft:mob_kills":25,"minecraft:animals_bred":4,"minecraft:interact_with_crafting_table":27,"minecraft:interact_with_loom":1,"minecraft:time_since_death":107797,"minecraft:sleep_in_bed":8,"minecraft:time_since_rest":5371,"minecraft:sprint_one_cm":253105,"minecraft:damage_taken":2366,"minecraft:walk_one_cm":355393,"minecraft:damage_blocked_by_shield":380,"minecraft:trigger_trapped_chest":20,"minecraft:drop":32,"minecraft:damage_dealt":5354,"minecraft:swim_one_cm":3095,"minecraft:fly_one_cm":244981,"minecraft:crouch_one_cm":7915,"minecraft:play_time":114000,"minecraft:deaths":2,"minecraft:sneak_time":3196,"minecraft:walk_under_water_one_cm":7665,"minecraft:jump":1578,"minecraft:walk_on_water_one_cm":6588,"minecraft:total_world_time":114000,"minecraft:fall_one_cm":36734,"minecraft:horse_one_cm":559517},"minecraft:killed":{"minecraft:zombie_villager":1,"minecraft:spider":4,"minecraft:sheep":1,"minecraft:skeleton":5,"minecraft:pillager":1,"minecraft:zombie":10,"minecraft:glow_squid":2,"minecraft:enderman":1},"minecraft:broken":{"minecraft:iron_axe":1},"minecraft:mined":{"minecraft:oak_fence":13,"minecraft:spruce_trapdoor":5,"minecraft:torch":7,"minecraft:granite":23,"minecraft:grass_block":71,"minecraft:tall_grass":4,"minecraft:cobblestone":18,"minecraft:oak_planks":4,"minecraft:diorite":19,"minecraft:wall_torch":3,"minecraft:birch_planks":1,"minecraft:wheat":10,"minecraft:birch_log":4,"minecraft:iron_ore":34,"minecraft:white_wall_banner":1,"minecraft:bee_nest":1,"minecraft:grass":70,"minecraft:oak_log":50,"minecraft:coal_ore":4,"minecraft:oak_stairs":11,"minecraft:gravel":3,"minecraft:dirt":22,"minecraft:stone":77,"minecraft:oak_leaves":122},"minecraft:crafted":{"minecraft:oak_planks":188,"minecraft:stone_shovel":1,"minecraft:oak_sign":6,"minecraft:cooked_porkchop":26,"minecraft:iron_helmet":1,"minecraft:bone_meal":12,"minecraft:birch_planks":16,"minecraft:cooked_mutton":31,"minecraft:iron_boots":1,"minecraft:iron_chestplate":1,"minecraft:iron_axe":1,"minecraft:stick":28,"minecraft:iron_ingot":32,"minecraft:iron_pickaxe":1,"minecraft:oak_stairs":68,"minecraft:iron_leggings":1,"minecraft:oak_fence":30},"minecraft:used":{"minecraft:golden_boots":3,"minecraft:wheat_seeds":12,"minecraft:oak_fence":35,"minecraft:birch_planks":1,"minecraft:stone_shovel":132,"minecraft:stone_pickaxe":10,"minecraft:oak_planks":4,"minecraft:oak_sign":6,"minecraft:wooden_pickaxe":4,"minecraft:shield":14,"minecraft:glow_ink_sac":4,"minecraft:rotten_flesh":3,"minecraft:oak_leaves":48,"minecraft:torch":68,"minecraft:dirt":7,"minecraft:shears":87,"minecraft:granite":12,"minecraft:bread":6,"minecraft:iron_axe":178,"minecraft:oak_stairs":65,"minecraft:iron_pickaxe":166,"minecraft:spruce_trapdoor":4,"minecraft:iron_boots":2,"minecraft:gravel":2,"minecraft:stone_axe":57,"minecraft:white_banner":2,"minecraft:cobblestone":46,"minecraft:cooked_porkchop":14,"minecraft:oak_sapling":1,"minecraft:porkchop":14,"minecraft:bucket":1,"minecraft:cooked_mutton":2,"minecraft:bone_meal":12,"minecraft:iron_leggings":1},"minecraft:picked_up":{"minecraft:birch_log":4,"minecraft:wheat":8,"minecraft:glow_ink_sac":4,"minecraft:lead":8,"minecraft:wooden_pickaxe":1,"minecraft:oak_stairs":11,"minecraft:birch_planks":1,"minecraft:flint":1,"minecraft:oak_log":50,"minecraft:golden_boots":2,"minecraft:shield":1,"minecraft:string":1,"minecraft:dirt":91,"minecraft:white_banner":2,"minecraft:name_tag":1,"minecraft:bone":4,"minecraft:apple":1,"minecraft:wheat_seeds":36,"minecraft:bucket":1,"minecraft:oak_planks":3,"minecraft:spruce_trapdoor":4,"minecraft:stick":3,"minecraft:raw_iron":32,"minecraft:gravel":2,"minecraft:oak_fence":13,"minecraft:torch":70,"minecraft:dandelion":1,"minecraft:porkchop":23,"minecraft:diorite":19,"minecraft:spider_eye":2,"minecraft:arrow":4,"minecraft:rotten_flesh":8,"minecraft:stone_axe":1,"minecraft:shears":1,"minecraft:granite":21,"minecraft:bread":9,"minecraft:oak_sapling":5,"minecraft:mutton":1,"minecraft:white_wool":1,"minecraft:coal":3,"minecraft:oak_leaves":86,"minecraft:ender_pearl":1,"minecraft:cobblestone":88},"minecraft:dropped":{"minecraft:golden_boots":1,"minecraft:water_bucket":1,"minecraft:bread":3,"minecraft:wheat_seeds":6,"minecraft:stone_shovel":1,"minecraft:lead":2,"minecraft:rotten_flesh":5,"minecraft:granite":9,"minecraft:cooked_mutton":15,"minecraft:shears":1,"minecraft:torch":1,"minecraft:oak_sapling":3,"minecraft:spider_eye":2,"minecraft:arrow":4,"minecraft:wooden_pickaxe":1,"minecraft:stone_pickaxe":1,"minecraft:dandelion":1}},"DataVersion":3465}