{"stats":{"minecraft:killed_by":{"minecraft:player":1},"minecraft:custom":{"minecraft:time_since_rest":16727,"minecraft:interact_with_furnace":9,"minecraft:sprint_one_cm":110011,"minecraft:damage_taken":1926,"minecraft:walk_one_cm":145105,"minecraft:damage_blocked_by_shield":240,"minecraft:trigger_trapped_chest":9,"minecraft:mob_kills":14,"minecraft:drop":6,"minecraft:animals_bred":2,"minecraft:damage_dealt":2727,"minecraft:interact_with_crafting_table":10,"minecraft:fly_one_cm":123161,"minecraft:crouch_one_cm":5896,"minecraft:play_time":42000,"minecraft:deaths":2,"minecraft:sneak_time":2266,"minecraft:jump":780,"minecraft:time_since_death":35797,"minecraft:sleep_in_bed":3,"minecraft:total_world_time":42000,"minecraft:fall_one_cm":22645,"minecraft:horse_one_cm":406},"minecraft:killed":{"minecraft:skeleton":3,"minecraft:zombie":7,"minecraft:zombie_villager":1,"minecraft:spider":3},"minecraft:used":{"minecraft:iron_axe":46,"minecraft:iron_pickaxe":90,"minecraft:birch_planks":1,"minecraft:stone_pickaxe":10,"minecraft:oak_planks":1,"minecraft:shield":9,"minecraft:wooden_pickaxe":4,"minecraft:stone_axe":16,"minecraft:torch":24,"minecraft:dirt":1,"minecraft:cobblestone":33,"minecraft:porkchop":3,"minecraft:oak_sapling":1,"minecraft:cooked_porkchop":14},"minecraft:crafted":{"minecraft:oak_planks":40,"minecraft:cooked_porkchop":26,"minecraft:iron_axe":1,"minecraft:stick":4,"minecraft:iron_pickaxe":1,"minecraft:iron_ingot":6},"minecraft:mined":{"minecraft:birch_planks":1,"minecraft:iron_ore":25,"minecraft:torch":2,"minecraft:spruce_trapdoor":1,"minecraft:granite":8,"minecraft:coal_ore":3,"minecraft:grass":44,"minecraft:oak_log":10,"minecraft:grass_block":2,"minecraft:dirt":4,"minecraft:tall_grass":1,"minecraft:cobblestone":4,"minecraft:stone":43,"minecraft:oak_planks":1,"minecraft:diorite":17,"minecraft:oak_leaves":9,"minecraft:wall_torch":1},"minecraft:dropped":{"minecraft:wheat_seeds":4,"minecraft:torch":1,"minecraft:rotten_flesh":4,"minecraft:stone_pickaxe":1},"minecraft:picked_up":{"minecraft:raw_iron":23,"minecraft:torch":58,"minecraft:wooden_pickaxe":1,"minecraft:birch_planks":1,"minecraft:porkchop":12,"minecraft:oak_log":10,"minecraft:diorite":17,"minecraft:shield":1,"minecraft:spider_eye":1,"minecraft:dirt":4,"minecraft:bone":3,"minecraft:arrow":2,"minecraft:rotten_flesh":7,"minecraft:stone_axe":1,"minecraft:wheat_seeds":4,"minecraft:granite":8,"minecraft:oak_sapling":3,"minecraft:coal":2,"minecraft:oak_planks":1,"minecraft:cobblestone":45}},"DataVersion":3465}