{"stats":{"minecraft:killed_by":{"minecraft:player":1},"minecraft:custom":{"minecraft:interact_with_furnace":16,"minecraft:interact_with_anvil":3,"minecraft:mob_kills":23,"minecraft:animals_bred":2,"minecraft:interact_with_crafting_table":26,"minecraft:time_since_death":95797,"minecraft:sleep_in_bed":7,"minecraft:time_since_rest":9025,"minecraft:sprint_one_cm":228671,"minecraft:damage_taken":2228,"minecraft:walk_one_cm":318856,"minecraft:damage_blocked_by_shield":350,"minecraft:trigger_trapped_chest":19,"minecraft:drop":30,"minecraft:damage_dealt":4552,"minecraft:swim_one_cm":3095,"minecraft:fly_one_cm":226542,"minecraft:crouch_one_cm":7838,"minecraft:play_time":102000,"minecraft:deaths":2,"minecraft:sneak_time":3136,"minecraft:walk_under_water_one_cm":7665,"minecraft:jump":1361,"minecraft:walk_on_water_one_cm":6588,"minecraft:total_world_time":102000,"minecraft:fall_one_cm":34281,"minecraft:horse_one_cm":328136},"minecraft:killed":{"minecraft:zombie_villager":1,"minecraft:spider":4,"minecraft:sheep":1,"minecraft:skeleton":5,"minecraft:zombie":9,"minecraft:glow_squid":2,"minecraft:enderman":1},"minecraft:broken":{"minecraft:iron_axe":1},"minecraft:mined":{"minecraft:oak_fence":13,"minecraft:spruce_trapdoor":1,"minecraft:torch":7,"minecraft:granite":23,"minecraft:grass_block":70,"minecraft:tall_grass":4,"minecraft:cobblestone":18,"minecraft:oak_planks":1,"minecraft:diorite":19,"minecraft:wall_torch":3,"minecraft:birch_planks":1,"minecraft:wheat":2,"minecraft:birch_log":4,"minecraft:iron_ore":34,"minecraft:bee_nest":1,"minecraft:grass":70,"minecraft:oak_log":50,"minecraft:coal_ore":4,"minecraft:oak_stairs":11,"minecraft:gravel":3,"minecraft:dirt":22,"minecraft:stone":77,"minecraft:oak_leaves":120},"minecraft:crafted":{"minecraft:oak_planks":188,"minecraft:stone_shovel":1,"minecraft:oak_sign":3,"minecraft:cooked_porkchop":26,"minecraft:iron_helmet":1,"minecraft:birch_planks":16,"minecraft:iron_boots":1,"minecraft:iron_chestplate":1,"minecraft:iron_axe":1,"minecraft:stick":28,"minecraft:iron_ingot":32,"minecraft:iron_pickaxe":1,"minecraft:oak_stairs":68,"minecraft:iron_leggings":1,"minecraft:oak_fence":30},"minecraft:used":{"minecraft:golden_boots":3,"minecraft:wheat_seeds":4,"minecraft:oak_fence":35,"minecraft:birch_planks":1,"minecraft:stone_shovel":132,"minecraft:stone_pickaxe":10,"minecraft:oak_planks":1,"minecraft:oak_sign":3,"minecraft:wooden_pickaxe":4,"minecraft:shield":13,"minecraft:glow_ink_sac":4,"minecraft:rotten_flesh":3,"minecraft:oak_leaves":48,"minecraft:torch":68,"minecraft:dirt":7,"minecraft:shears":87,"minecraft:granite":12,"minecraft:bread":6,"minecraft:iron_axe":178,"minecraft:oak_stairs":63,"minecraft:iron_pickaxe":166,"minecraft:iron_boots":2,"minecraft:gravel":2,"minecraft:stone_axe":29,"minecraft:cobblestone":46,"minecraft:cooked_porkchop":14,"minecraft:oak_sapling":1,"minecraft:porkchop":14,"minecraft:bucket":1,"minecraft:iron_leggings":1},"minecraft:picked_up":{"minecraft:birch_log":4,"minecraft:glow_ink_sac":4,"minecraft:lead":7,"minecraft:wooden_pickaxe":1,"minecraft:oak_stairs":11,"minecraft:birch_planks":1,"minecraft:flint":1,"minecraft:oak_log":50,"minecraft:golden_boots":2,"minecraft:shield":1,"minecraft:string":1,"minecraft:dirt":90,"minecraft:name_tag":1,"minecraft:bone":4,"minecraft:apple":1,"minecraft:wheat_seeds":11,"minecraft:bucket":1,"minecraft:oak_planks":1,"minecraft:stick":3,"minecraft:raw_iron":32,"minecraft:gravel":2,"minecraft:oak_fence":13,"minecraft:torch":70,"minecraft:dandelion":1,"minecraft:porkchop":23,"minecraft:diorite":19,"minecraft:spider_eye":2,"minecraft:arrow":4,"minecraft:rotten_flesh":8,"minecraft:stone_axe":1,"minecraft:shears":1,"minecraft:granite":21,"minecraft:bread":9,"minecraft:oak_sapling":5,"minecraft:mutton":1,"minecraft:white_wool":1,"minecraft:coal":3,"minecraft:oak_leaves":78,"minecraft:ender_pearl":1,"minecraft:cobblestone":88},"minecraft:dropped":{"minecraft:golden_boots":1,"minecraft:water_bucket":1,"minecraft:bread":3,"minecraft:wheat_seeds":6,"minecraft:stone_shovel":1,"minecraft:lead":2,"minecraft:rotten_flesh":5,"minecraft:granite":9,"minecraft:torch":1,"minecraft:oak_sapling":3,"minecraft:spider_eye":2,"minecraft:arrow":4,"minecraft:wooden_pickaxe":1,"minecraft:stone_pickaxe":1,"minecraft:dandelion":1}},"DataVersion":3465}