{"stats":{"minecraft:killed_by":{"minecraft:player":1},"minecraft:custom":{"minecraft:time_since_rest":6424,"minecraft:interact_with_furnace":3,"minecraft:sprint_one_cm":43900,"minecraft:damage_taken":740,"minecraft:walk_one_cm":70382,"minecraft:trigger_trapped_chest":1,"minecraft:mob_kills":1,"minecraft:drop":3,"minecraft:animals_bred":2,"minecraft:damage_dealt":236,"minecraft:fly_one_cm":50324,"minecraft:crouch_one_cm":2001,"minecraft:play_time":18000,"minecraft:deaths":2,"minecraft:sneak_time":725,"minecraft:jump":283,"minecraft:time_since_death":11797,"minecraft:sleep_in_bed":2,"minecraft:total_world_time":18000,"minecraft:fall_one_cm":12786},"minecraft:killed":{"minecraft:zombie":1},"minecraft:crafted":{"minecraft:cooked_porkchop":26},"minecraft:used":{"minecraft:birch_planks":1,"minecraft:oak_planks":1,"minecraft:torch":2,"minecraft:dirt":1,"minecraft:porkchop":1,"minecraft:oak_sapling":1,"minecraft:cooked_porkchop":3},"minecraft:mined":{"minecraft:birch_planks":1,"minecraft:torch":2,"minecraft:spruce_trapdoor":1,"minecraft:grass":32,"minecraft:grass_block":2,"minecraft:tall_grass":1,"minecraft:oak_planks":1,"minecraft:oak_leaves":4},"minecraft:dropped":{"minecraft:torch":1,"minecraft:rotten_flesh":2},"minecraft:picked_up":{"minecraft:torch":5,"minecraft:birch_planks":1,"minecraft:porkchop":12,"minecraft:shield":1,"minecraft:dirt":1,"minecraft:rotten_flesh":4,"minecraft:wheat_seeds":3,"minecraft:oak_sapling":2,"minecraft:oak_planks":1}},"DataVersion":3465}