{"stats":{"minecraft:killed_by":{"minecraft:player":1},"minecraft:custom":{"minecraft:interact_with_furnace":12,"minecraft:interact_with_anvil":1,"minecraft:mob_kills":18,"minecraft:animals_bred":2,"minecraft:interact_with_crafting_table":17,"minecraft:time_since_death":59797,"minecraft:sleep_in_bed":5,"minecraft:time_since_rest":2411,"minecraft:sprint_one_cm":171043,"minecraft:damage_taken":2085,"minecraft:walk_one_cm":209907,"minecraft:damage_blocked_by_shield":240,"minecraft:trigger_trapped_chest":12,"minecraft:drop":17,"minecraft:damage_dealt":3777,"minecraft:swim_one_cm":2542,"minecraft:fly_one_cm":178185,"minecraft:crouch_one_cm":5927,"minecraft:play_time":66000,"minecraft:deaths":2,"minecraft:sneak_time":2298,"minecraft:walk_under_water_one_cm":439,"minecraft:jump":1101,"minecraft:walk_on_water_one_cm":392,"minecraft:total_world_time":66000,"minecraft:fall_one_cm":29509,"minecraft:horse_one_cm":406},"minecraft:killed":{"minecraft:zombie_villager":1,"minecraft:spider":4,"minecraft:skeleton":4,"minecraft:zombie":8,"minecraft:enderman":1},"minecraft:mined":{"minecraft:oak_fence":11,"minecraft:spruce_trapdoor":1,"minecraft:torch":6,"minecraft:granite":23,"minecraft:grass_block":10,"minecraft:tall_grass":1,"minecraft:cobblestone":18,"minecraft:oak_planks":1,"minecraft:diorite":19,"minecraft:wall_torch":2,"minecraft:birch_planks":1,"minecraft:birch_log":4,"minecraft:iron_ore":25,"minecraft:bee_nest":1,"minecraft:grass":61,"minecraft:oak_log":47,"minecraft:coal_ore":3,"minecraft:oak_stairs":11,"minecraft:dirt":6,"minecraft:stone":70,"minecraft:oak_leaves":30},"minecraft:crafted":{"minecraft:oak_planks":168,"minecraft:oak_sign":3,"minecraft:cooked_porkchop":26,"minecraft:iron_helmet":1,"minecraft:birch_planks":4,"minecraft:iron_boots":1,"minecraft:iron_chestplate":1,"minecraft:iron_axe":1,"minecraft:stick":28,"minecraft:iron_ingot":23,"minecraft:iron_pickaxe":1,"minecraft:oak_stairs":68,"minecraft:oak_fence":30},"minecraft:used":{"minecraft:oak_fence":18,"minecraft:birch_planks":1,"minecraft:stone_pickaxe":10,"minecraft:oak_planks":1,"minecraft:oak_sign":3,"minecraft:wooden_pickaxe":4,"minecraft:shield":9,"minecraft:rotten_flesh":3,"minecraft:torch":60,"minecraft:dirt":1,"minecraft:granite":12,"minecraft:iron_axe":159,"minecraft:oak_stairs":60,"minecraft:iron_pickaxe":148,"minecraft:stone_axe":16,"minecraft:cobblestone":46,"minecraft:cooked_porkchop":14,"minecraft:oak_sapling":1,"minecraft:porkchop":14,"minecraft:bucket":1},"minecraft:dropped":{"minecraft:water_bucket":1,"minecraft:wheat_seeds":4,"minecraft:rotten_flesh":5,"minecraft:granite":9,"minecraft:torch":1,"minecraft:stone_pickaxe":1},"minecraft:picked_up":{"minecraft:birch_log":4,"minecraft:wooden_pickaxe":1,"minecraft:oak_stairs":11,"minecraft:birch_planks":1,"minecraft:oak_log":47,"minecraft:shield":1,"minecraft:dirt":15,"minecraft:bone":3,"minecraft:wheat_seeds":5,"minecraft:bucket":1,"minecraft:oak_planks":1,"minecraft:stick":1,"minecraft:raw_iron":23,"minecraft:oak_fence":11,"minecraft:torch":62,"minecraft:dandelion":1,"minecraft:porkchop":23,"minecraft:diorite":19,"minecraft:spider_eye":1,"minecraft:arrow":2,"minecraft:rotten_flesh":8,"minecraft:stone_axe":1,"minecraft:granite":21,"minecraft:bread":9,"minecraft:oak_sapling":5,"minecraft:coal":2,"minecraft:ender_pearl":1,"minecraft:cobblestone":81}},"DataVersion":3465}