{"stats":{"minecraft:killed_by":{"minecraft:player":1},"minecraft:custom":{"minecraft:mob_kills":34,"minecraft:interact_with_anvil":3,"minecraft:animals_bred":6,"minecraft:interact_with_crafting_table":30,"minecraft:time_since_death":131797,"minecraft:sprint_one_cm":304646,"minecraft:walk_one_cm":413211,"minecraft:damage_blocked_by_shield":380,"minecraft:drop":49,"minecraft:play_time":138000,"minecraft:deaths":2,"minecraft:sneak_time":3317,"minecraft:walk_under_water_one_cm":9522,"minecraft:jump":1929,"minecraft:walk_on_water_one_cm":8295,"minecraft:total_world_time":138000,"minecraft:interact_with_furnace":30,"minecraft:interact_with_loom":1,"minecraft:sleep_in_bed":9,"minecraft:time_since_rest":11657,"minecraft:damage_taken":2440,"minecraft:trigger_trapped_chest":26,"minecraft:damage_dealt":6432,"minecraft:fly_one_cm":301512,"minecraft:swim_one_cm":12355,"minecraft:open_chest":1,"minecraft:crouch_one_cm":8234,"minecraft:fall_one_cm":50087,"minecraft:horse_one_cm":851785},"minecraft:killed":{"minecraft:endermite":1,"minecraft:spider":5,"minecraft:skeleton":5,"minecraft:zombie_villager":1,"minecraft:sheep":2,"minecraft:pillager":1,"minecraft:zombie":13,"minecraft:glow_squid":2,"minecraft:enderman":1,"minecraft:cow":3},"minecraft:broken":{"minecraft:iron_axe":1,"minecraft:stone_axe":1},"minecraft:mined":{"minecraft:spruce_trapdoor":7,"minecraft:granite":23,"minecraft:grass_block":71,"minecraft:iron_ore":34,"minecraft:oak_stairs":11,"minecraft:stone":77,"minecraft:dandelion":1,"minecraft:oak_fence":13,"minecraft:torch":7,"minecraft:cobblestone":18,"minecraft:tall_grass":10,"minecraft:oak_planks":4,"minecraft:diorite":19,"minecraft:wall_torch":3,"minecraft:pink_petals":4,"minecraft:birch_planks":1,"minecraft:birch_log":4,"minecraft:wheat":21,"minecraft:bee_nest":1,"minecraft:white_wall_banner":1,"minecraft:grass":100,"minecraft:coal_ore":4,"minecraft:oak_log":50,"minecraft:dirt":24,"minecraft:gravel":3,"minecraft:oak_leaves":122},"minecraft:crafted":{"minecraft:oak_planks":200,"minecraft:stone_shovel":1,"minecraft:oak_sign":6,"minecraft:bone_meal":105,"minecraft:cooked_mutton":31,"minecraft:iron_boots":1,"minecraft:iron_axe":2,"minecraft:stone_pickaxe":1,"minecraft:oak_button":1,"minecraft:oak_fence":30,"minecraft:cooked_porkchop":26,"minecraft:iron_helmet":1,"minecraft:birch_planks":16,"minecraft:iron_chestplate":1,"minecraft:stick":32,"minecraft:iron_ingot":32,"minecraft:iron_pickaxe":1,"minecraft:oak_stairs":68,"minecraft:iron_leggings":1},"minecraft:used":{"minecraft:oak_fence":35,"minecraft:stone_shovel":132,"minecraft:oak_sign":6,"minecraft:shield":14,"minecraft:rotten_flesh":3,"minecraft:torch":68,"minecraft:dirt":20,"minecraft:granite":12,"minecraft:iron_axe":178,"minecraft:oak_stairs":65,"minecraft:iron_boots":2,"minecraft:oak_sapling":1,"minecraft:iron_leggings":1,"minecraft:golden_boots":3,"minecraft:wheat_seeds":21,"minecraft:cooked_mutton":4,"minecraft:birch_planks":1,"minecraft:stone_pickaxe":10,"minecraft:oak_planks":4,"minecraft:ender_pearl":1,"minecraft:wooden_pickaxe":4,"minecraft:glow_ink_sac":4,"minecraft:oak_leaves":48,"minecraft:shears":87,"minecraft:bread":6,"minecraft:iron_pickaxe":168,"minecraft:spruce_trapdoor":5,"minecraft:gravel":2,"minecraft:stone_axe":88,"minecraft:cobblestone":46,"minecraft:porkchop":14,"minecraft:white_banner":2,"minecraft:cooked_porkchop":14,"minecraft:bucket":1,"minecraft:dandelion":1,"minecraft:bone_meal":35},"minecraft:picked_up":{"minecraft:wheat":19,"minecraft:lead":20,"minecraft:wooden_pickaxe":1,"minecraft:oak_stairs":11,"minecraft:shield":1,"minecraft:string":3,"minecraft:bucket":1,"minecraft:beef":4,"minecraft:spruce_trapdoor":5,"minecraft:stick":3,"minecraft:raw_iron":32,"minecraft:oak_fence":13,"minecraft:torch":70,"minecraft:porkchop":23,"minecraft:diorite":29,"minecraft:arrow":4,"minecraft:rotten_flesh":11,"minecraft:shears":1,"minecraft:mutton":1,"minecraft:white_wool":2,"minecraft:cobblestone":88,"minecraft:birch_log":4,"minecraft:glow_ink_sac":4,"minecraft:leather":5,"minecraft:birch_planks":1,"minecraft:flint":1,"minecraft:oak_log":50,"minecraft:golden_boots":2,"minecraft:dirt":92,"minecraft:white_banner":2,"minecraft:name_tag":1,"minecraft:bone":43,"minecraft:apple":1,"minecraft:wheat_seeds":74,"minecraft:iron_ingot":1,"minecraft:oak_planks":3,"minecraft:dandelion":2,"minecraft:gravel":2,"minecraft:grass_block":1,"minecraft:spider_eye":4,"minecraft:stone_axe":1,"minecraft:granite":21,"minecraft:bread":9,"minecraft:oak_sapling":7,"minecraft:coal":3,"minecraft:oak_leaves":86,"minecraft:ender_pearl":1},"minecraft:dropped":{"minecraft:water_bucket":1,"minecraft:golden_boots":1,"minecraft:bread":3,"minecraft:birch_planks":16,"minecraft:wheat_seeds":6,"minecraft:cobblestone":41,"minecraft:lead":2,"minecraft:leather":5,"minecraft:granite":9,"minecraft:grass_block":1,"minecraft:diorite":10,"minecraft:torch":1,"minecraft:bone_meal":70,"minecraft:dandelion":1,"minecraft:wheat":7,"minecraft:stone_shovel":1,"minecraft:rotten_flesh":8,"minecraft:cooked_mutton":15,"minecraft:shears":1,"minecraft:oak_button":1,"minecraft:oak_sapling":4,"minecraft:spider_eye":4,"minecraft:arrow":4,"minecraft:stone_pickaxe":1,"minecraft:wooden_pickaxe":1}},"DataVersion":3465}