{"stats":{"minecraft:killed_by":{"minecraft:player":1},"minecraft:custom":{"minecraft:mob_kills":34,"minecraft:interact_with_anvil":3,"minecraft:animals_bred":6,"minecraft:interact_with_crafting_table":30,"minecraft:time_since_death":3425,"minecraft:sprint_one_cm":333940,"minecraft:walk_one_cm":438757,"minecraft:damage_blocked_by_shield":380,"minecraft:drop":55,"minecraft:play_time":150000,"minecraft:deaths":4,"minecraft:sneak_time":4604,"minecraft:walk_under_water_one_cm":9522,"minecraft:jump":2260,"minecraft:walk_on_water_one_cm":8295,"minecraft:total_world_time":150000,"minecraft:interact_with_furnace":30,"minecraft:interact_with_loom":1,"minecraft:sleep_in_bed":10,"minecraft:time_since_rest":3639,"minecraft:damage_taken":3251,"minecraft:trigger_trapped_chest":26,"minecraft:damage_dealt":6432,"minecraft:fly_one_cm":346879,"minecraft:swim_one_cm":12355,"minecraft:open_chest":1,"minecraft:crouch_one_cm":11807,"minecraft:fall_one_cm":65889,"minecraft:horse_one_cm":851785},"minecraft:killed":{"minecraft:endermite":1,"minecraft:spider":5,"minecraft:skeleton":5,"minecraft:zombie_villager":1,"minecraft:sheep":2,"minecraft:pillager":1,"minecraft:zombie":13,"minecraft:glow_squid":2,"minecraft:enderman":1,"minecraft:cow":3},"minecraft:broken":{"minecraft:iron_axe":1,"minecraft:stone_axe":1},"minecraft:mined":{"minecraft:spruce_trapdoor":7,"minecraft:granite":23,"minecraft:grass_block":72,"minecraft:magma_block":12,"minecraft:glowstone":16,"minecraft:fire":4,"minecraft:iron_ore":34,"minecraft:oak_stairs":11,"minecraft:stone":77,"minecraft:dandelion":1,"minecraft:oak_fence":13,"minecraft:torch":7,"minecraft:nether_quartz_ore":1,"minecraft:cobblestone":20,"minecraft:tall_grass":10,"minecraft:oak_planks":4,"minecraft:diorite":19,"minecraft:wall_torch":3,"minecraft:pink_petals":7,"minecraft:birch_planks":1,"minecraft:birch_log":4,"minecraft:wheat":21,"minecraft:bee_nest":1,"minecraft:white_wall_banner":1,"minecraft:grass":102,"minecraft:coal_ore":4,"minecraft:oak_log":50,"minecraft:dirt":24,"minecraft:gravel":3,"minecraft:netherrack":9,"minecraft:oak_leaves":122},"minecraft:crafted":{"minecraft:oak_planks":200,"minecraft:stone_shovel":1,"minecraft:oak_sign":6,"minecraft:bone_meal":105,"minecraft:cooked_mutton":31,"minecraft:iron_boots":1,"minecraft:iron_axe":2,"minecraft:stone_pickaxe":1,"minecraft:oak_button":1,"minecraft:oak_fence":30,"minecraft:cooked_porkchop":26,"minecraft:iron_helmet":1,"minecraft:birch_planks":16,"minecraft:iron_chestplate":1,"minecraft:stick":32,"minecraft:iron_ingot":32,"minecraft:iron_pickaxe":1,"minecraft:oak_stairs":68,"minecraft:iron_leggings":1},"minecraft:used":{"minecraft:oak_fence":35,"minecraft:stone_shovel":132,"minecraft:oak_sign":6,"minecraft:shield":14,"minecraft:netherrack":7,"minecraft:rotten_flesh":3,"minecraft:torch":68,"minecraft:dirt":93,"minecraft:granite":12,"minecraft:iron_axe":178,"minecraft:oak_stairs":65,"minecraft:iron_boots":2,"minecraft:oak_sapling":1,"minecraft:iron_leggings":1,"minecraft:golden_boots":3,"minecraft:wheat_seeds":21,"minecraft:cooked_mutton":7,"minecraft:birch_planks":1,"minecraft:stone_pickaxe":22,"minecraft:oak_planks":4,"minecraft:ender_pearl":1,"minecraft:wooden_pickaxe":4,"minecraft:glow_ink_sac":4,"minecraft:oak_leaves":56,"minecraft:shears":87,"minecraft:bread":6,"minecraft:iron_pickaxe":200,"minecraft:spruce_trapdoor":5,"minecraft:gravel":2,"minecraft:pink_petals":2,"minecraft:stone_axe":88,"minecraft:cobblestone":46,"minecraft:porkchop":14,"minecraft:white_banner":2,"minecraft:cooked_porkchop":14,"minecraft:bucket":1,"minecraft:dandelion":1,"minecraft:bone_meal":35},"minecraft:dropped":{"minecraft:water_bucket":1,"minecraft:golden_boots":1,"minecraft:bread":3,"minecraft:birch_planks":16,"minecraft:wheat_seeds":53,"minecraft:iron_helmet":1,"minecraft:cobblestone":41,"minecraft:lead":2,"minecraft:leather":5,"minecraft:granite":9,"minecraft:grass_block":1,"minecraft:diorite":10,"minecraft:torch":1,"minecraft:iron_leggings":2,"minecraft:bone_meal":70,"minecraft:dandelion":1,"minecraft:wheat":7,"minecraft:stone_shovel":1,"minecraft:rotten_flesh":8,"minecraft:cooked_mutton":15,"minecraft:shears":1,"minecraft:oak_button":1,"minecraft:iron_chestplate":2,"minecraft:oak_sapling":4,"minecraft:spider_eye":4,"minecraft:arrow":4,"minecraft:stone_pickaxe":1,"minecraft:wooden_pickaxe":1},"minecraft:picked_up":{"minecraft:crafting_table":1,"minecraft:iron_chestplate":3,"minecraft:wheat":22,"minecraft:lead":20,"minecraft:wooden_pickaxe":1,"minecraft:oak_stairs":25,"minecraft:shield":2,"minecraft:string":6,"minecraft:iron_axe":1,"minecraft:iron_leggings":3,"minecraft:bucket":1,"minecraft:beef":8,"minecraft:iron_pickaxe":1,"minecraft:spruce_trapdoor":5,"minecraft:iron_boots":1,"minecraft:stick":6,"minecraft:raw_iron":32,"minecraft:oak_fence":21,"minecraft:torch":90,"minecraft:porkchop":23,"minecraft:diorite":48,"minecraft:arrow":8,"minecraft:rotten_flesh":11,"minecraft:shears":1,"minecraft:mutton":1,"minecraft:white_wool":4,"minecraft:cobblestone":88,"minecraft:birch_log":4,"minecraft:pink_petals":16,"minecraft:magma_block":12,"minecraft:glow_ink_sac":4,"minecraft:leather":5,"minecraft:birch_planks":1,"minecraft:flint":1,"minecraft:oak_log":50,"minecraft:golden_boots":3,"minecraft:dirt":93,"minecraft:white_banner":2,"minecraft:name_tag":1,"minecraft:cooked_mutton":10,"minecraft:bone":51,"minecraft:apple":1,"minecraft:wheat_seeds":74,"minecraft:stone_pickaxe":1,"minecraft:iron_ingot":1,"minecraft:glowstone_dust":82,"minecraft:oak_planks":31,"minecraft:quartz":2,"minecraft:dandelion":2,"minecraft:gravel":2,"minecraft:grass_block":1,"minecraft:spider_eye":4,"minecraft:stone_axe":1,"minecraft:iron_helmet":2,"minecraft:granite":21,"minecraft:bread":9,"minecraft:netherrack":16,"minecraft:oak_sapling":8,"minecraft:coal":3,"minecraft:oak_leaves":119,"minecraft:ender_pearl":1}},"DataVersion":3465}