{"stats":{"minecraft:custom":{"minecraft:jump":137,"minecraft:time_since_rest":221,"minecraft:deaths":1,"minecraft:damage_taken":480,"minecraft:crouch_one_cm":624,"minecraft:leave_game":16,"minecraft:sprint_one_cm":32488,"minecraft:play_time":50391,"minecraft:time_since_death":190,"minecraft:walk_on_water_one_cm":2503,"minecraft:walk_one_cm":53785,"minecraft:sneak_time":1130,"minecraft:total_world_time":50391,"minecraft:walk_under_water_one_cm":21950,"minecraft:fall_one_cm":5867,"minecraft:fly_one_cm":213009},"minecraft:used":{"minecraft:redstone_torch":2,"minecraft:stone":72,"minecraft:dirt":7,"minecraft:cobblestone_stairs":5,"minecraft:stone_bricks":22,"minecraft:grass_block":1}},"DataVersion":3465}