{"stats":{"minecraft:picked_up":{"minecraft:rail":3},"minecraft:custom":{"minecraft:time_since_rest":68807,"minecraft:crouch_one_cm":1138,"minecraft:play_time":118977,"minecraft:sprint_one_cm":139018,"minecraft:deaths":1,"minecraft:damage_taken":540,"minecraft:walk_one_cm":121862,"minecraft:sneak_time":2774,"minecraft:walk_under_water_one_cm":21950,"minecraft:jump":741,"minecraft:minecart_one_cm":248,"minecraft:leave_game":20,"minecraft:walk_on_water_one_cm":2503,"minecraft:time_since_death":68776,"minecraft:climb_one_cm":1167,"minecraft:total_world_time":118977,"minecraft:fly_one_cm":906600,"minecraft:fall_one_cm":7698},"minecraft:used":{"minecraft:stone_bricks":51,"minecraft:redstone_torch":2,"minecraft:diorite":1,"minecraft:sea_lantern":18,"minecraft:dirt":229,"minecraft:cobblestone_stairs":5,"minecraft:potion":3,"minecraft:polished_deepslate":18,"minecraft:lantern":6,"minecraft:grass_block":18,"minecraft:polished_deepslate_wall":4,"minecraft:minecart":1,"minecraft:stone":312,"minecraft:cobbled_deepslate":1,"minecraft:gravel":35,"minecraft:polished_deepslate_stairs":19,"minecraft:stone_brick_stairs":8}},"DataVersion":3465}