{"stats":{"minecraft:dropped":{"minecraft:rail":1},"minecraft:picked_up":{"minecraft:rail":4},"minecraft:custom":{"minecraft:time_since_rest":122935,"minecraft:crouch_one_cm":1138,"minecraft:play_time":173105,"minecraft:sprint_one_cm":194028,"minecraft:deaths":1,"minecraft:damage_taken":540,"minecraft:walk_one_cm":150204,"minecraft:sneak_time":3981,"minecraft:walk_under_water_one_cm":26108,"minecraft:drop":1,"minecraft:jump":927,"minecraft:damage_dealt":44,"minecraft:minecart_one_cm":248,"minecraft:leave_game":21,"minecraft:walk_on_water_one_cm":2598,"minecraft:time_since_death":122904,"minecraft:climb_one_cm":1167,"minecraft:total_world_time":173105,"minecraft:fall_one_cm":7907,"minecraft:fly_one_cm":1235990},"minecraft:used":{"minecraft:polished_deepslate_stairs":19,"minecraft:redstone_torch":2,"minecraft:diorite":1,"minecraft:sea_lantern":90,"minecraft:dirt":229,"minecraft:cobblestone_stairs":5,"minecraft:potion":3,"minecraft:polished_deepslate":18,"minecraft:lantern":6,"minecraft:grass_block":18,"minecraft:polished_deepslate_wall":4,"minecraft:minecart":1,"minecraft:stone":312,"minecraft:cobbled_deepslate":1,"minecraft:gravel":35,"minecraft:stone_bricks":51,"minecraft:stone_brick_stairs":10}},"DataVersion":3465}