{"stats":{"minecraft:used":{"minecraft:redstone_torch":2,"minecraft:stone":70,"minecraft:dirt":7,"minecraft:cobblestone_stairs":5,"minecraft:stone_bricks":14,"minecraft:grass_block":1},"minecraft:custom":{"minecraft:jump":131,"minecraft:time_since_rest":46743,"minecraft:damage_taken":250,"minecraft:crouch_one_cm":624,"minecraft:leave_game":13,"minecraft:sprint_one_cm":31048,"minecraft:play_time":46743,"minecraft:time_since_death":46743,"minecraft:walk_on_water_one_cm":2503,"minecraft:walk_one_cm":51824,"minecraft:sneak_time":971,"minecraft:total_world_time":46743,"minecraft:walk_under_water_one_cm":21950,"minecraft:fall_one_cm":3359,"minecraft:fly_one_cm":183539}},"DataVersion":3465}