{"stats":{"minecraft:used":{"minecraft:redstone_torch":2,"minecraft:stone":43,"minecraft:dirt":7,"minecraft:cobblestone_stairs":5,"minecraft:stone_bricks":14,"minecraft:grass_block":1},"minecraft:custom":{"minecraft:jump":128,"minecraft:time_since_rest":44655,"minecraft:damage_taken":60,"minecraft:crouch_one_cm":391,"minecraft:leave_game":12,"minecraft:sprint_one_cm":30731,"minecraft:play_time":44655,"minecraft:time_since_death":44655,"minecraft:walk_on_water_one_cm":2503,"minecraft:walk_one_cm":51532,"minecraft:sneak_time":872,"minecraft:total_world_time":44655,"minecraft:walk_under_water_one_cm":21950,"minecraft:fall_one_cm":1176,"minecraft:fly_one_cm":182542}},"DataVersion":3465}