{"stats":{"minecraft:used":{"minecraft:redstone_torch":2,"minecraft:stone":72,"minecraft:dirt":7,"minecraft:cobblestone_stairs":5,"minecraft:stone_bricks":22,"minecraft:grass_block":1},"minecraft:custom":{"minecraft:jump":134,"minecraft:time_since_rest":50121,"minecraft:damage_taken":250,"minecraft:crouch_one_cm":624,"minecraft:leave_game":15,"minecraft:sprint_one_cm":32400,"minecraft:play_time":50121,"minecraft:time_since_death":50121,"minecraft:walk_on_water_one_cm":2503,"minecraft:walk_one_cm":53701,"minecraft:sneak_time":1130,"minecraft:total_world_time":50121,"minecraft:walk_under_water_one_cm":21950,"minecraft:fall_one_cm":3359,"minecraft:fly_one_cm":210653}},"DataVersion":3465}