{"stats":{"minecraft:killed_by":{"minecraft:player":1},"minecraft:custom":{"minecraft:interact_with_furnace":15,"minecraft:interact_with_anvil":3,"minecraft:mob_kills":11,"minecraft:interact_with_crafting_table":34,"minecraft:leave_game":2,"minecraft:time_since_death":206763,"minecraft:sleep_in_bed":6,"minecraft:time_since_rest":5148,"minecraft:sprint_one_cm":203877,"minecraft:damage_taken":1455,"minecraft:walk_one_cm":789662,"minecraft:damage_blocked_by_shield":1065,"minecraft:trigger_trapped_chest":41,"minecraft:drop":106,"minecraft:damage_dealt":2807,"minecraft:fly_one_cm":148726,"minecraft:player_kills":1,"minecraft:open_chest":1,"minecraft:crouch_one_cm":8338,"minecraft:play_time":262608,"minecraft:deaths":1,"minecraft:sneak_time":2778,"minecraft:walk_under_water_one_cm":7389,"minecraft:jump":1277,"minecraft:walk_on_water_one_cm":2026,"minecraft:total_world_time":262608,"minecraft:fall_one_cm":24492,"minecraft:horse_one_cm":52451},"minecraft:killed":{"minecraft:spider":1,"minecraft:skeleton":2,"minecraft:zombie":6},"minecraft:broken":{"minecraft:golden_sword":1},"minecraft:mined":{"minecraft:dandelion":1,"minecraft:oak_fence":2,"minecraft:crafting_table":1,"minecraft:torch":2,"minecraft:poppy":2,"minecraft:grass_block":5,"minecraft:oak_planks":5,"minecraft:diorite":9,"minecraft:wall_torch":2,"minecraft:birch_planks":8,"minecraft:iron_ore":28,"minecraft:birch_log":27,"minecraft:birch_leaves":6,"minecraft:andesite":4,"minecraft:grass":36,"minecraft:coal_ore":57,"minecraft:oak_log":45,"minecraft:stone":34,"minecraft:oak_leaves":90},"minecraft:crafted":{"minecraft:wooden_sword":1,"minecraft:oak_planks":102,"minecraft:oak_sign":3,"minecraft:crafting_table":1,"minecraft:oak_wood":3,"minecraft:birch_planks":104,"minecraft:iron_boots":2,"minecraft:iron_chestplate":2,"minecraft:charcoal":7,"minecraft:shield":3,"minecraft:iron_axe":2,"minecraft:stick":38,"minecraft:iron_ingot":26,"minecraft:stone_pickaxe":1,"minecraft:wooden_axe":1,"minecraft:white_bed":3,"minecraft:torch":116,"minecraft:stone_hoe":1,"minecraft:shears":1},"minecraft:used":{"minecraft:wheat_seeds":7,"minecraft:oak_fence":2,"minecraft:water_bucket":2,"minecraft:diorite":5,"minecraft:birch_planks":112,"minecraft:stone_pickaxe":130,"minecraft:oak_planks":42,"minecraft:oak_sign":1,"minecraft:shield":42,"minecraft:wooden_pickaxe":7,"minecraft:stone_hoe":12,"minecraft:oak_leaves":17,"minecraft:cookie":5,"minecraft:torch":24,"minecraft:crafting_table":2,"minecraft:white_bed":3,"minecraft:granite":2,"minecraft:shears":87,"minecraft:wooden_axe":35,"minecraft:iron_axe":56,"minecraft:bread":21,"minecraft:melon_seeds":3,"minecraft:stone_axe":56,"minecraft:golden_sword":49,"minecraft:cobblestone":17,"minecraft:cooked_porkchop":1,"minecraft:furnace":1,"minecraft:porkchop":1,"minecraft:bucket":2,"minecraft:cooked_beef":1},"minecraft:dropped":{"minecraft:bread":4,"minecraft:furnace":1,"minecraft:stone_axe":1,"minecraft:porkchop":12,"minecraft:stone_sword":1,"minecraft:raw_iron":2,"minecraft:cobblestone":21,"minecraft:iron_boots":2,"minecraft:enchanted_golden_apple":1,"minecraft:jungle_planks":81,"minecraft:shears":1,"minecraft:stick":46,"minecraft:shield":4,"minecraft:diorite":4,"minecraft:torch":217,"minecraft:iron_chestplate":2,"minecraft:jungle_stairs":56,"minecraft:charcoal":1,"minecraft:wooden_axe":1,"minecraft:oak_sapling":4,"minecraft:iron_axe":2,"minecraft:arrow":2,"minecraft:stone_pickaxe":1,"minecraft:wooden_pickaxe":2,"minecraft:bucket":2},"minecraft:picked_up":{"minecraft:wooden_axe":1,"minecraft:birch_log":27,"minecraft:iron_chestplate":1,"minecraft:crafting_table":1,"minecraft:cooked_beef":1,"minecraft:iron_trapdoor":1,"minecraft:water_bucket":1,"minecraft:andesite":5,"minecraft:lead":10,"minecraft:wooden_pickaxe":3,"minecraft:birch_planks":40,"minecraft:oak_log":43,"minecraft:shield":2,"minecraft:dirt":5,"minecraft:name_tag":1,"minecraft:iron_axe":1,"minecraft:wooden_sword":1,"minecraft:flint_and_steel":1,"minecraft:bone":18,"minecraft:apple":1,"minecraft:wheat_seeds":11,"minecraft:bucket":1,"minecraft:stone_pickaxe":3,"minecraft:poppy":2,"minecraft:oak_planks":19,"minecraft:iron_boots":1,"minecraft:furnace":2,"minecraft:raw_iron":28,"minecraft:stick":108,"minecraft:stone":1,"minecraft:cooked_porkchop":1,"minecraft:dandelion":1,"minecraft:oak_fence":2,"minecraft:torch":224,"minecraft:porkchop":19,"minecraft:jungle_planks":81,"minecraft:cookie":7,"minecraft:diorite":17,"minecraft:stone_sword":2,"minecraft:arrow":6,"minecraft:rotten_flesh":7,"minecraft:stone_axe":2,"minecraft:jungle_stairs":56,"minecraft:shears":1,"minecraft:granite":2,"minecraft:grass":1,"minecraft:bread":19,"minecraft:oak_sapling":8,"minecraft:oak_leaves":86,"minecraft:coal":58,"minecraft:white_wool":27,"minecraft:rail":2,"minecraft:cobblestone":123}},"DataVersion":3465}