{"stats":{"minecraft:custom":{"minecraft:interact_with_furnace":5,"minecraft:mob_kills":14,"minecraft:animals_bred":1,"minecraft:interact_with_crafting_table":18,"minecraft:leave_game":1,"minecraft:time_since_death":7900,"minecraft:sleep_in_bed":3,"minecraft:time_since_rest":7948,"minecraft:sprint_one_cm":156537,"minecraft:damage_taken":778,"minecraft:walk_one_cm":220861,"minecraft:damage_blocked_by_shield":790,"minecraft:trigger_trapped_chest":12,"minecraft:drop":3,"minecraft:damage_dealt":2262,"minecraft:fly_one_cm":129159,"minecraft:crouch_one_cm":86,"minecraft:play_time":61826,"minecraft:deaths":2,"minecraft:sneak_time":22,"minecraft:jump":667,"minecraft:walk_on_water_one_cm":855,"minecraft:total_world_time":61826,"minecraft:fall_one_cm":20172},"minecraft:killed_by":{"minecraft:skeleton":1,"minecraft:zombie":1},"minecraft:picked_up":{"minecraft:wheat":18,"minecraft:leather":6,"minecraft:lead":1,"minecraft:shield":1,"minecraft:dirt":11,"minecraft:string":8,"minecraft:flint_and_steel":2,"minecraft:bone":7,"minecraft:wheat_seeds":66,"minecraft:bucket":1,"minecraft:beef":2,"minecraft:stone_pickaxe":2,"minecraft:oak_planks":28,"minecraft:stone_hoe":1,"minecraft:stick":8,"minecraft:raw_iron":9,"minecraft:birch_boat":1,"minecraft:torch":26,"minecraft:porkchop":5,"minecraft:arrow":3,"minecraft:rotten_flesh":4,"minecraft:stone_axe":2,"minecraft:granite":12,"minecraft:bone_meal":109,"minecraft:mutton":2,"minecraft:coal":7,"minecraft:white_wool":1,"minecraft:cobblestone":139},"minecraft:crafted":{"minecraft:oak_planks":8,"minecraft:furnace":1,"minecraft:bucket":1,"minecraft:stone_axe":1,"minecraft:bread":5,"minecraft:bow":1,"minecraft:shield":2,"minecraft:stick":16,"minecraft:iron_ingot":5,"minecraft:stone_pickaxe":1,"minecraft:torch":12,"minecraft:stone_hoe":1},"minecraft:used":{"minecraft:wheat_seeds":40,"minecraft:water_bucket":6,"minecraft:stone_pickaxe":29,"minecraft:oak_planks":12,"minecraft:shield":27,"minecraft:stone_hoe":17,"minecraft:torch":2,"minecraft:mutton":2,"minecraft:bread":5,"minecraft:stone_axe":81,"minecraft:bow":1,"minecraft:beef":2,"minecraft:furnace":1,"minecraft:porkchop":3,"minecraft:bucket":6,"minecraft:bone_meal":30},"minecraft:dropped":{"minecraft:rotten_flesh":4,"minecraft:lead":1,"minecraft:shield":1},"minecraft:killed":{"minecraft:pig":3,"minecraft:spider":2,"minecraft:sheep":1,"minecraft:skeleton":2,"minecraft:zombie":2,"minecraft:enderman":1,"minecraft:cow":2},"minecraft:mined":{"minecraft:farmland":2,"minecraft:glow_lichen":2,"minecraft:torch":1,"minecraft:granite":4,"minecraft:grass_block":2,"minecraft:tall_grass":1,"minecraft:wall_torch":1,"minecraft:iron_ore":5,"minecraft:wheat":21,"minecraft:grass":21,"minecraft:coal_ore":5,"minecraft:stone":11}},"DataVersion":3465}