{"stats":{"minecraft:killed_by":{"minecraft:player":1},"minecraft:custom":{"minecraft:mob_kills":12,"minecraft:interact_with_anvil":3,"minecraft:interact_with_crafting_table":37,"minecraft:leave_game":2,"minecraft:time_since_death":230763,"minecraft:sprint_one_cm":255582,"minecraft:walk_one_cm":879409,"minecraft:damage_blocked_by_shield":1090,"minecraft:drop":125,"minecraft:play_time":286608,"minecraft:deaths":1,"minecraft:sneak_time":2812,"minecraft:walk_under_water_one_cm":11805,"minecraft:jump":1497,"minecraft:walk_on_water_one_cm":4267,"minecraft:total_world_time":286608,"minecraft:interact_with_furnace":16,"minecraft:sleep_in_bed":10,"minecraft:time_since_rest":0,"minecraft:damage_taken":1527,"minecraft:trigger_trapped_chest":42,"minecraft:damage_dealt":2967,"minecraft:fly_one_cm":183258,"minecraft:player_kills":1,"minecraft:open_chest":1,"minecraft:crouch_one_cm":8340,"minecraft:fall_one_cm":29477,"minecraft:horse_one_cm":52451},"minecraft:killed":{"minecraft:spider":1,"minecraft:skeleton":2,"minecraft:zombie":7},"minecraft:broken":{"minecraft:golden_sword":1},"minecraft:mined":{"minecraft:farmland":2,"minecraft:grass_block":5,"minecraft:oak_wall_sign":1,"minecraft:iron_ore":28,"minecraft:andesite":4,"minecraft:azure_bluet":2,"minecraft:stone":36,"minecraft:dandelion":3,"minecraft:oak_fence":2,"minecraft:crafting_table":1,"minecraft:torch":2,"minecraft:poppy":5,"minecraft:oak_planks":5,"minecraft:diorite":11,"minecraft:wall_torch":2,"minecraft:birch_planks":8,"minecraft:birch_log":27,"minecraft:wheat":1,"minecraft:birch_leaves":6,"minecraft:grass":60,"minecraft:oak_log":45,"minecraft:coal_ore":69,"minecraft:dirt":1,"minecraft:oak_leaves":90},"minecraft:crafted":{"minecraft:wooden_sword":1,"minecraft:oak_planks":102,"minecraft:oak_sign":3,"minecraft:iron_boots":2,"minecraft:iron_axe":2,"minecraft:stone_pickaxe":1,"minecraft:stone_hoe":1,"minecraft:crafting_table":1,"minecraft:oak_wood":3,"minecraft:birch_planks":104,"minecraft:iron_chestplate":2,"minecraft:charcoal":7,"minecraft:shield":3,"minecraft:stick":38,"minecraft:iron_ingot":26,"minecraft:wooden_axe":1,"minecraft:white_bed":3,"minecraft:torch":116,"minecraft:shears":1},"minecraft:used":{"minecraft:oak_fence":2,"minecraft:poppy":5,"minecraft:oak_sign":3,"minecraft:shield":43,"minecraft:stone_hoe":20,"minecraft:torch":29,"minecraft:dirt":2,"minecraft:granite":2,"minecraft:azure_bluet":2,"minecraft:wooden_axe":35,"minecraft:iron_axe":59,"minecraft:melon_seeds":3,"minecraft:golden_sword":49,"minecraft:furnace":1,"minecraft:potato":1,"minecraft:cooked_beef":1,"minecraft:wheat_seeds":12,"minecraft:water_bucket":4,"minecraft:diorite":5,"minecraft:birch_planks":112,"minecraft:stone_pickaxe":149,"minecraft:oak_planks":42,"minecraft:wooden_pickaxe":7,"minecraft:oak_leaves":17,"minecraft:cookie":5,"minecraft:crafting_table":2,"minecraft:white_bed":3,"minecraft:shears":87,"minecraft:apple":1,"minecraft:bread":21,"minecraft:stone_axe":56,"minecraft:cobblestone":17,"minecraft:porkchop":5,"minecraft:cooked_porkchop":1,"minecraft:bucket":4,"minecraft:dandelion":3},"minecraft:dropped":{"minecraft:bread":4,"minecraft:porkchop":12,"minecraft:cobblestone":21,"minecraft:jungle_planks":81,"minecraft:stick":46,"minecraft:diorite":4,"minecraft:torch":234,"minecraft:wooden_axe":1,"minecraft:iron_axe":3,"minecraft:bucket":2,"minecraft:furnace":1,"minecraft:stone_axe":1,"minecraft:stone_sword":1,"minecraft:raw_iron":2,"minecraft:iron_boots":2,"minecraft:enchanted_golden_apple":1,"minecraft:shears":2,"minecraft:shield":4,"minecraft:charcoal":1,"minecraft:iron_chestplate":2,"minecraft:jungle_stairs":56,"minecraft:oak_sapling":4,"minecraft:arrow":2,"minecraft:wooden_pickaxe":2,"minecraft:stone_pickaxe":1},"minecraft:picked_up":{"minecraft:wooden_axe":1,"minecraft:crafting_table":1,"minecraft:iron_chestplate":1,"minecraft:azure_bluet":2,"minecraft:iron_trapdoor":1,"minecraft:lead":10,"minecraft:wooden_pickaxe":3,"minecraft:shield":2,"minecraft:iron_axe":2,"minecraft:wooden_sword":1,"minecraft:flint_and_steel":1,"minecraft:oak_sign":1,"minecraft:diamond_leggings":1,"minecraft:bucket":1,"minecraft:poppy":5,"minecraft:iron_boots":1,"minecraft:furnace":2,"minecraft:golden_helmet":1,"minecraft:stick":108,"minecraft:raw_iron":28,"minecraft:stone":1,"minecraft:oak_fence":2,"minecraft:torch":232,"minecraft:porkchop":19,"minecraft:cookie":7,"minecraft:diorite":19,"minecraft:stone_sword":2,"minecraft:arrow":6,"minecraft:rotten_flesh":9,"minecraft:jungle_stairs":56,"minecraft:shears":1,"minecraft:rail":2,"minecraft:white_wool":27,"minecraft:cobblestone":125,"minecraft:birch_log":27,"minecraft:cooked_beef":1,"minecraft:water_bucket":1,"minecraft:andesite":5,"minecraft:potato":1,"minecraft:birch_planks":40,"minecraft:oak_log":43,"minecraft:dirt":8,"minecraft:name_tag":1,"minecraft:bone":18,"minecraft:apple":1,"minecraft:wheat_seeds":17,"minecraft:stone_pickaxe":3,"minecraft:oak_planks":19,"minecraft:cooked_porkchop":1,"minecraft:dandelion":3,"minecraft:jungle_planks":81,"minecraft:stone_axe":2,"minecraft:granite":2,"minecraft:grass":1,"minecraft:bread":19,"minecraft:oak_sapling":8,"minecraft:coal":70,"minecraft:oak_leaves":86}},"DataVersion":3465}