{"stats":{"minecraft:killed_by":{"minecraft:player":1},"minecraft:custom":{"minecraft:interact_with_furnace":6,"minecraft:mob_kills":3,"minecraft:interact_with_crafting_table":9,"minecraft:leave_game":2,"minecraft:time_since_death":68763,"minecraft:time_since_rest":69009,"minecraft:sprint_one_cm":58399,"minecraft:damage_taken":880,"minecraft:walk_one_cm":307719,"minecraft:trigger_trapped_chest":4,"minecraft:drop":71,"minecraft:damage_dealt":759,"minecraft:fly_one_cm":41619,"minecraft:open_chest":1,"minecraft:crouch_one_cm":7555,"minecraft:play_time":124608,"minecraft:deaths":1,"minecraft:sneak_time":2341,"minecraft:walk_under_water_one_cm":4722,"minecraft:jump":524,"minecraft:walk_on_water_one_cm":1636,"minecraft:total_world_time":124608,"minecraft:fall_one_cm":9791},"minecraft:killed":{"minecraft:skeleton":1,"minecraft:zombie":2},"minecraft:broken":{"minecraft:golden_sword":1},"minecraft:mined":{"minecraft:crafting_table":1,"minecraft:grass_block":1,"minecraft:oak_planks":5,"minecraft:diorite":9,"minecraft:wall_torch":1,"minecraft:birch_planks":2,"minecraft:iron_ore":23,"minecraft:birch_log":10,"minecraft:birch_leaves":6,"minecraft:andesite":4,"minecraft:grass":2,"minecraft:coal_ore":40,"minecraft:oak_log":23,"minecraft:stone":33,"minecraft:oak_leaves":3},"minecraft:used":{"minecraft:diorite":4,"minecraft:birch_planks":37,"minecraft:stone_pickaxe":105,"minecraft:oak_planks":16,"minecraft:wooden_pickaxe":7,"minecraft:cookie":5,"minecraft:torch":2,"minecraft:crafting_table":2,"minecraft:wooden_axe":35,"minecraft:bread":7,"minecraft:stone_axe":5,"minecraft:golden_sword":49,"minecraft:cobblestone":2,"minecraft:porkchop":1,"minecraft:cooked_beef":1},"minecraft:crafted":{"minecraft:wooden_sword":1,"minecraft:oak_planks":18,"minecraft:crafting_table":1,"minecraft:oak_wood":3,"minecraft:birch_planks":36,"minecraft:charcoal":4,"minecraft:stick":34,"minecraft:wooden_axe":1,"minecraft:torch":12},"minecraft:dropped":{"minecraft:bread":2,"minecraft:furnace":1,"minecraft:stone_sword":1,"minecraft:cobblestone":21,"minecraft:enchanted_golden_apple":1,"minecraft:jungle_planks":81,"minecraft:stick":46,"minecraft:diorite":4,"minecraft:torch":44,"minecraft:jungle_stairs":56,"minecraft:charcoal":1,"minecraft:wooden_axe":1,"minecraft:oak_sapling":4,"minecraft:arrow":2,"minecraft:stone_pickaxe":1,"minecraft:wooden_pickaxe":1},"minecraft:picked_up":{"minecraft:wooden_axe":1,"minecraft:birch_log":10,"minecraft:crafting_table":1,"minecraft:cooked_beef":1,"minecraft:iron_trapdoor":1,"minecraft:andesite":5,"minecraft:wooden_pickaxe":3,"minecraft:birch_planks":34,"minecraft:oak_log":21,"minecraft:dirt":1,"minecraft:wooden_sword":1,"minecraft:flint_and_steel":1,"minecraft:bone":1,"minecraft:stone_pickaxe":2,"minecraft:oak_planks":19,"minecraft:furnace":2,"minecraft:raw_iron":23,"minecraft:stick":107,"minecraft:stone":1,"minecraft:torch":98,"minecraft:porkchop":2,"minecraft:jungle_planks":81,"minecraft:cookie":7,"minecraft:diorite":17,"minecraft:stone_sword":2,"minecraft:arrow":4,"minecraft:stone_axe":2,"minecraft:jungle_stairs":56,"minecraft:bread":14,"minecraft:oak_sapling":4,"minecraft:coal":40,"minecraft:rail":2,"minecraft:cobblestone":117}},"DataVersion":3465}