{"stats":{"minecraft:custom":{"minecraft:time_since_rest":54590,"minecraft:sprint_one_cm":1123,"minecraft:interact_with_furnace":3,"minecraft:damage_taken":290,"minecraft:walk_one_cm":134004,"minecraft:drop":49,"minecraft:damage_dealt":40,"minecraft:interact_with_crafting_table":3,"minecraft:fly_one_cm":733,"minecraft:crouch_one_cm":921,"minecraft:play_time":54590,"minecraft:sneak_time":172,"minecraft:walk_under_water_one_cm":4722,"minecraft:jump":160,"minecraft:leave_game":1,"minecraft:walk_on_water_one_cm":1636,"minecraft:time_since_death":54590,"minecraft:total_world_time":54590,"minecraft:fall_one_cm":1321},"minecraft:picked_up":{"minecraft:wooden_axe":1,"minecraft:birch_log":10,"minecraft:stick":57,"minecraft:crafting_table":1,"minecraft:cooked_beef":1,"minecraft:wooden_pickaxe":2,"minecraft:porkchop":1,"minecraft:oak_log":11,"minecraft:cookie":5,"minecraft:dirt":1,"minecraft:arrow":2,"minecraft:bone":1,"minecraft:bread":1,"minecraft:oak_sapling":1,"minecraft:cobblestone":25},"minecraft:used":{"minecraft:wooden_axe":22,"minecraft:birch_planks":4,"minecraft:bread":1,"minecraft:wooden_pickaxe":7,"minecraft:cookie":3,"minecraft:crafting_table":2,"minecraft:cooked_beef":1},"minecraft:crafted":{"minecraft:wooden_sword":1,"minecraft:oak_planks":18,"minecraft:charcoal":1,"minecraft:crafting_table":1,"minecraft:stick":34,"minecraft:oak_wood":3,"minecraft:birch_planks":36},"minecraft:dropped":{"minecraft:charcoal":1,"minecraft:oak_sapling":1,"minecraft:wooden_pickaxe":1,"minecraft:stick":46},"minecraft:mined":{"minecraft:birch_log":10,"minecraft:crafting_table":1,"minecraft:grass":2,"minecraft:grass_block":1,"minecraft:oak_log":14,"minecraft:stone":4}},"DataVersion":3465}