{"stats":{"minecraft:custom":{"minecraft:jump":14,"minecraft:time_since_rest":18590,"minecraft:crouch_one_cm":245,"minecraft:leave_game":1,"minecraft:play_time":18590,"minecraft:damage_taken":130,"minecraft:time_since_death":18590,"minecraft:walk_one_cm":27877,"minecraft:sneak_time":55,"minecraft:total_world_time":18590,"minecraft:drop":1,"minecraft:fall_one_cm":269,"minecraft:fly_one_cm":212},"minecraft:picked_up":{"minecraft:oak_log":9,"minecraft:oak_sapling":1,"minecraft:wooden_axe":1},"minecraft:used":{"minecraft:wooden_axe":7},"minecraft:dropped":{"minecraft:oak_sapling":1},"minecraft:mined":{"minecraft:oak_log":12}},"DataVersion":3465}