{"stats":{"minecraft:killed_by":{"minecraft:player":1},"minecraft:custom":{"minecraft:mob_kills":20,"minecraft:interact_with_anvil":5,"minecraft:interact_with_crafting_table":47,"minecraft:leave_game":2,"minecraft:time_since_death":302763,"minecraft:sprint_one_cm":387962,"minecraft:walk_one_cm":1156349,"minecraft:damage_blocked_by_shield":2515,"minecraft:drop":137,"minecraft:play_time":358608,"minecraft:deaths":1,"minecraft:sneak_time":2960,"minecraft:walk_under_water_one_cm":11805,"minecraft:jump":2139,"minecraft:walk_on_water_one_cm":4404,"minecraft:total_world_time":358608,"minecraft:interact_with_furnace":19,"minecraft:interact_with_loom":1,"minecraft:sleep_in_bed":14,"minecraft:time_since_rest":24298,"minecraft:damage_taken":1873,"minecraft:trigger_trapped_chest":58,"minecraft:damage_dealt":4245,"minecraft:fly_one_cm":296690,"minecraft:player_kills":1,"minecraft:open_chest":1,"minecraft:crouch_one_cm":9162,"minecraft:fall_one_cm":45698,"minecraft:horse_one_cm":66682},"minecraft:killed":{"minecraft:spider":1,"minecraft:skeleton":2,"minecraft:pillager":2,"minecraft:zombie":10,"minecraft:cow":3},"minecraft:broken":{"minecraft:shears":1,"minecraft:stone_pickaxe":1,"minecraft:golden_sword":1},"minecraft:mined":{"minecraft:farmland":2,"minecraft:grass_block":8,"minecraft:oak_wall_sign":1,"minecraft:furnace":2,"minecraft:iron_ore":28,"minecraft:andesite":4,"minecraft:azure_bluet":4,"minecraft:dirt_path":1,"minecraft:stone":36,"minecraft:dandelion":6,"minecraft:oak_fence":2,"minecraft:crafting_table":1,"minecraft:torch":2,"minecraft:poppy":10,"minecraft:oak_planks":5,"minecraft:diorite":11,"minecraft:wall_torch":2,"minecraft:birch_planks":8,"minecraft:trapped_chest":8,"minecraft:birch_log":27,"minecraft:wheat":2,"minecraft:birch_leaves":6,"minecraft:grass":75,"minecraft:oak_log":45,"minecraft:coal_ore":89,"minecraft:dirt":5,"minecraft:birch_sign":1,"minecraft:oak_leaves":165},"minecraft:crafted":{"minecraft:wooden_sword":1,"minecraft:oak_planks":102,"minecraft:oak_sign":3,"minecraft:leather_horse_armor":1,"minecraft:iron_boots":2,"minecraft:iron_axe":2,"minecraft:stone_pickaxe":1,"minecraft:stone_hoe":1,"minecraft:birch_sign":3,"minecraft:cooked_porkchop":40,"minecraft:crafting_table":1,"minecraft:oak_wood":3,"minecraft:birch_planks":104,"minecraft:iron_chestplate":2,"minecraft:charcoal":7,"minecraft:shield":3,"minecraft:birch_fence":3,"minecraft:stick":38,"minecraft:iron_ingot":26,"minecraft:wooden_axe":1,"minecraft:white_bed":3,"minecraft:torch":116,"minecraft:shears":1},"minecraft:used":{"minecraft:oak_fence":2,"minecraft:poppy":9,"minecraft:oak_sign":3,"minecraft:shield":99,"minecraft:stone_hoe":28,"minecraft:torch":30,"minecraft:dirt":27,"minecraft:granite":2,"minecraft:azure_bluet":2,"minecraft:obsidian":2,"minecraft:wooden_axe":35,"minecraft:iron_axe":125,"minecraft:melon_seeds":3,"minecraft:golden_sword":49,"minecraft:furnace":1,"minecraft:trapped_chest":8,"minecraft:potato":1,"minecraft:cooked_beef":1,"minecraft:wheat_seeds":15,"minecraft:water_bucket":4,"minecraft:diorite":5,"minecraft:birch_planks":112,"minecraft:stone_pickaxe":171,"minecraft:oak_planks":42,"minecraft:wooden_pickaxe":7,"minecraft:oak_leaves":21,"minecraft:cookie":5,"minecraft:crafting_table":2,"minecraft:birch_sign":2,"minecraft:white_bed":3,"minecraft:shears":138,"minecraft:birch_fence":1,"minecraft:apple":1,"minecraft:bread":24,"minecraft:stone_axe":56,"minecraft:cobblestone":24,"minecraft:white_banner":1,"minecraft:porkchop":6,"minecraft:cooked_porkchop":6,"minecraft:bucket":4,"minecraft:dandelion":6},"minecraft:dropped":{"minecraft:iron_ingot":1,"minecraft:bread":4,"minecraft:porkchop":12,"minecraft:lead":7,"minecraft:cobblestone":21,"minecraft:jungle_planks":81,"minecraft:stick":46,"minecraft:diorite":4,"minecraft:torch":234,"minecraft:wooden_axe":1,"minecraft:iron_axe":3,"minecraft:bucket":2,"minecraft:bone":14,"minecraft:furnace":1,"minecraft:stone_axe":1,"minecraft:stone_sword":2,"minecraft:raw_iron":2,"minecraft:iron_boots":2,"minecraft:enchanted_golden_apple":1,"minecraft:shears":2,"minecraft:shield":4,"minecraft:charcoal":1,"minecraft:iron_chestplate":2,"minecraft:jungle_stairs":56,"minecraft:oak_sapling":5,"minecraft:arrow":4,"minecraft:wooden_pickaxe":2,"minecraft:stone_pickaxe":1},"minecraft:picked_up":{"minecraft:wooden_axe":2,"minecraft:crafting_table":1,"minecraft:iron_chestplate":1,"minecraft:wheat":9,"minecraft:azure_bluet":4,"minecraft:iron_trapdoor":1,"minecraft:lead":18,"minecraft:wooden_pickaxe":3,"minecraft:shield":2,"minecraft:iron_axe":2,"minecraft:wooden_sword":2,"minecraft:flint_and_steel":1,"minecraft:oak_sign":1,"minecraft:diamond_leggings":1,"minecraft:bucket":1,"minecraft:beef":5,"minecraft:poppy":9,"minecraft:iron_boots":1,"minecraft:furnace":4,"minecraft:golden_helmet":1,"minecraft:stick":121,"minecraft:raw_iron":28,"minecraft:stone":1,"minecraft:oak_fence":2,"minecraft:torch":252,"minecraft:porkchop":19,"minecraft:cookie":7,"minecraft:diorite":29,"minecraft:stone_sword":4,"minecraft:arrow":6,"minecraft:rotten_flesh":19,"minecraft:jungle_stairs":56,"minecraft:shears":2,"minecraft:leather_horse_armor":1,"minecraft:glow_berries":15,"minecraft:mutton":2,"minecraft:rail":2,"minecraft:white_wool":28,"minecraft:cobblestone":347,"minecraft:birch_log":27,"minecraft:cooked_beef":1,"minecraft:water_bucket":1,"minecraft:andesite":5,"minecraft:leather":10,"minecraft:potato":1,"minecraft:birch_planks":56,"minecraft:flint":4,"minecraft:oak_log":43,"minecraft:dirt":36,"minecraft:white_banner":1,"minecraft:name_tag":1,"minecraft:cooked_mutton":15,"minecraft:bone":18,"minecraft:apple":13,"minecraft:wheat_seeds":19,"minecraft:stone_pickaxe":4,"minecraft:oak_planks":20,"minecraft:cooked_porkchop":1,"minecraft:dandelion":6,"minecraft:jungle_planks":81,"minecraft:trapped_chest":8,"minecraft:stone_axe":2,"minecraft:birch_sign":1,"minecraft:granite":2,"minecraft:bone_meal":70,"minecraft:grass":2,"minecraft:bread":22,"minecraft:oak_button":1,"minecraft:oak_sapling":13,"minecraft:coal":221,"minecraft:oak_leaves":191}},"DataVersion":3465}