{"stats":{"minecraft:custom":{"minecraft:time_since_rest":42590,"minecraft:crouch_one_cm":859,"minecraft:damage_taken":280,"minecraft:play_time":42590,"minecraft:walk_one_cm":75312,"minecraft:sneak_time":165,"minecraft:drop":2,"minecraft:jump":27,"minecraft:leave_game":1,"minecraft:time_since_death":42590,"minecraft:total_world_time":42590,"minecraft:interact_with_crafting_table":3,"minecraft:fall_one_cm":269,"minecraft:fly_one_cm":332,"minecraft:interact_with_furnace":3},"minecraft:picked_up":{"minecraft:wooden_axe":1,"minecraft:birch_log":10,"minecraft:crafting_table":1,"minecraft:cooked_beef":1,"minecraft:bone":1,"minecraft:wooden_pickaxe":1,"minecraft:oak_log":11,"minecraft:cookie":5,"minecraft:bread":1,"minecraft:oak_sapling":1,"minecraft:arrow":2,"minecraft:cobblestone":21,"minecraft:stick":11},"minecraft:used":{"minecraft:cookie":3,"minecraft:wooden_axe":22,"minecraft:crafting_table":2,"minecraft:birch_planks":4,"minecraft:bread":1,"minecraft:cooked_beef":1},"minecraft:crafted":{"minecraft:wooden_sword":1,"minecraft:oak_planks":18,"minecraft:oak_wood":3,"minecraft:charcoal":1,"minecraft:birch_planks":36,"minecraft:crafting_table":1,"minecraft:stick":34},"minecraft:dropped":{"minecraft:charcoal":1,"minecraft:oak_sapling":1},"minecraft:mined":{"minecraft:grass":2,"minecraft:oak_log":14,"minecraft:birch_log":10,"minecraft:crafting_table":1}},"DataVersion":3465}