{"stats":{"minecraft:custom":{"minecraft:time_since_rest":30590,"minecraft:crouch_one_cm":245,"minecraft:damage_taken":220,"minecraft:play_time":30590,"minecraft:walk_one_cm":45389,"minecraft:sneak_time":64,"minecraft:drop":1,"minecraft:jump":15,"minecraft:leave_game":1,"minecraft:time_since_death":30590,"minecraft:total_world_time":30590,"minecraft:interact_with_crafting_table":3,"minecraft:fall_one_cm":269,"minecraft:fly_one_cm":252},"minecraft:picked_up":{"minecraft:wooden_axe":1,"minecraft:birch_log":10,"minecraft:crafting_table":1,"minecraft:cooked_beef":1,"minecraft:wooden_pickaxe":1,"minecraft:oak_log":11,"minecraft:cookie":5,"minecraft:bread":1,"minecraft:oak_sapling":1},"minecraft:used":{"minecraft:cookie":2,"minecraft:wooden_axe":22,"minecraft:crafting_table":1,"minecraft:birch_planks":4,"minecraft:cooked_beef":1},"minecraft:crafted":{"minecraft:wooden_sword":1,"minecraft:oak_planks":18,"minecraft:oak_wood":3,"minecraft:birch_planks":36,"minecraft:crafting_table":1,"minecraft:stick":34},"minecraft:dropped":{"minecraft:oak_sapling":1},"minecraft:mined":{"minecraft:grass":2,"minecraft:oak_log":14,"minecraft:birch_log":10,"minecraft:crafting_table":1}},"DataVersion":3465}