{"stats":{"minecraft:killed_by":{"minecraft:player":1},"minecraft:custom":{"minecraft:time_since_rest":45009,"minecraft:interact_with_furnace":6,"minecraft:sprint_one_cm":15177,"minecraft:damage_taken":675,"minecraft:walk_one_cm":210046,"minecraft:trigger_trapped_chest":2,"minecraft:mob_kills":1,"minecraft:drop":50,"minecraft:damage_dealt":369,"minecraft:interact_with_crafting_table":9,"minecraft:fly_one_cm":24582,"minecraft:open_chest":1,"minecraft:crouch_one_cm":1615,"minecraft:play_time":100608,"minecraft:deaths":1,"minecraft:sneak_time":321,"minecraft:walk_under_water_one_cm":4722,"minecraft:jump":311,"minecraft:leave_game":2,"minecraft:walk_on_water_one_cm":1636,"minecraft:time_since_death":44763,"minecraft:total_world_time":100608,"minecraft:fall_one_cm":5486},"minecraft:killed":{"minecraft:skeleton":1},"minecraft:crafted":{"minecraft:wooden_sword":1,"minecraft:oak_planks":18,"minecraft:charcoal":4,"minecraft:crafting_table":1,"minecraft:stick":34,"minecraft:wooden_axe":1,"minecraft:oak_wood":3,"minecraft:torch":12,"minecraft:birch_planks":36},"minecraft:used":{"minecraft:wooden_axe":35,"minecraft:birch_planks":37,"minecraft:bread":1,"minecraft:stone_pickaxe":30,"minecraft:oak_planks":16,"minecraft:wooden_pickaxe":7,"minecraft:stone_axe":5,"minecraft:torch":2,"minecraft:golden_sword":14,"minecraft:cookie":3,"minecraft:crafting_table":2,"minecraft:cooked_beef":1},"minecraft:mined":{"minecraft:birch_planks":2,"minecraft:birch_log":10,"minecraft:andesite":4,"minecraft:birch_leaves":6,"minecraft:crafting_table":1,"minecraft:grass":2,"minecraft:grass_block":1,"minecraft:oak_log":23,"minecraft:stone":26,"minecraft:oak_planks":5,"minecraft:diorite":4,"minecraft:oak_leaves":3,"minecraft:wall_torch":1},"minecraft:dropped":{"minecraft:torch":11,"minecraft:charcoal":1,"minecraft:oak_sapling":1,"minecraft:wooden_pickaxe":1,"minecraft:stick":46},"minecraft:picked_up":{"minecraft:wooden_axe":1,"minecraft:birch_log":10,"minecraft:stick":107,"minecraft:crafting_table":1,"minecraft:cooked_beef":1,"minecraft:iron_trapdoor":1,"minecraft:andesite":5,"minecraft:torch":76,"minecraft:wooden_pickaxe":3,"minecraft:jungle_planks":27,"minecraft:birch_planks":34,"minecraft:porkchop":2,"minecraft:oak_log":21,"minecraft:cookie":7,"minecraft:diorite":12,"minecraft:dirt":1,"minecraft:stone_sword":2,"minecraft:wooden_sword":1,"minecraft:flint_and_steel":1,"minecraft:arrow":4,"minecraft:bone":1,"minecraft:stone_axe":2,"minecraft:jungle_stairs":56,"minecraft:stone_pickaxe":2,"minecraft:bread":1,"minecraft:oak_sapling":4,"minecraft:oak_planks":19,"minecraft:stone":1,"minecraft:cobblestone":110,"minecraft:furnace":2}},"DataVersion":3465}