{"stats":{"minecraft:killed_by":{"minecraft:player":1},"minecraft:custom":{"minecraft:interact_with_furnace":15,"minecraft:interact_with_anvil":3,"minecraft:mob_kills":7,"minecraft:interact_with_crafting_table":31,"minecraft:leave_game":2,"minecraft:time_since_death":170763,"minecraft:sleep_in_bed":3,"minecraft:time_since_rest":7464,"minecraft:sprint_one_cm":116940,"minecraft:damage_taken":1161,"minecraft:walk_one_cm":641715,"minecraft:damage_blocked_by_shield":660,"minecraft:trigger_trapped_chest":36,"minecraft:drop":89,"minecraft:damage_dealt":1915,"minecraft:fly_one_cm":80778,"minecraft:player_kills":1,"minecraft:open_chest":1,"minecraft:crouch_one_cm":8282,"minecraft:play_time":226608,"minecraft:deaths":1,"minecraft:sneak_time":2740,"minecraft:walk_under_water_one_cm":4722,"minecraft:jump":853,"minecraft:walk_on_water_one_cm":1636,"minecraft:total_world_time":226608,"minecraft:fall_one_cm":16888,"minecraft:horse_one_cm":52451},"minecraft:killed":{"minecraft:skeleton":1,"minecraft:zombie":4},"minecraft:broken":{"minecraft:golden_sword":1},"minecraft:mined":{"minecraft:oak_fence":2,"minecraft:crafting_table":1,"minecraft:grass_block":2,"minecraft:oak_planks":5,"minecraft:diorite":9,"minecraft:wall_torch":2,"minecraft:birch_planks":8,"minecraft:iron_ore":26,"minecraft:birch_log":27,"minecraft:birch_leaves":6,"minecraft:andesite":4,"minecraft:grass":4,"minecraft:coal_ore":42,"minecraft:oak_log":43,"minecraft:stone":33,"minecraft:oak_leaves":3},"minecraft:crafted":{"minecraft:wooden_sword":1,"minecraft:oak_planks":102,"minecraft:crafting_table":1,"minecraft:oak_wood":3,"minecraft:birch_planks":104,"minecraft:iron_boots":2,"minecraft:iron_chestplate":2,"minecraft:charcoal":7,"minecraft:shield":3,"minecraft:iron_axe":2,"minecraft:stick":34,"minecraft:iron_ingot":26,"minecraft:stone_pickaxe":1,"minecraft:wooden_axe":1,"minecraft:white_bed":3,"minecraft:torch":116,"minecraft:shears":1},"minecraft:used":{"minecraft:oak_fence":2,"minecraft:diorite":5,"minecraft:birch_planks":112,"minecraft:stone_pickaxe":111,"minecraft:oak_planks":42,"minecraft:shield":26,"minecraft:wooden_pickaxe":7,"minecraft:cookie":5,"minecraft:torch":17,"minecraft:crafting_table":2,"minecraft:white_bed":3,"minecraft:wooden_axe":35,"minecraft:iron_axe":18,"minecraft:bread":14,"minecraft:stone_axe":54,"minecraft:golden_sword":49,"minecraft:cobblestone":17,"minecraft:furnace":1,"minecraft:porkchop":1,"minecraft:cooked_beef":1},"minecraft:dropped":{"minecraft:bread":2,"minecraft:furnace":1,"minecraft:stone_axe":1,"minecraft:porkchop":1,"minecraft:stone_sword":1,"minecraft:cobblestone":21,"minecraft:iron_boots":2,"minecraft:enchanted_golden_apple":1,"minecraft:jungle_planks":81,"minecraft:shears":1,"minecraft:stick":46,"minecraft:shield":4,"minecraft:diorite":4,"minecraft:torch":217,"minecraft:iron_chestplate":2,"minecraft:jungle_stairs":56,"minecraft:charcoal":1,"minecraft:wooden_axe":1,"minecraft:oak_sapling":4,"minecraft:iron_axe":2,"minecraft:arrow":2,"minecraft:stone_pickaxe":1,"minecraft:wooden_pickaxe":2},"minecraft:picked_up":{"minecraft:wooden_axe":1,"minecraft:birch_log":27,"minecraft:iron_chestplate":1,"minecraft:crafting_table":1,"minecraft:cooked_beef":1,"minecraft:iron_trapdoor":1,"minecraft:andesite":5,"minecraft:lead":9,"minecraft:wooden_pickaxe":3,"minecraft:birch_planks":40,"minecraft:oak_log":41,"minecraft:shield":2,"minecraft:dirt":2,"minecraft:name_tag":1,"minecraft:iron_axe":1,"minecraft:wooden_sword":1,"minecraft:flint_and_steel":1,"minecraft:bone":15,"minecraft:wheat_seeds":4,"minecraft:stone_pickaxe":3,"minecraft:oak_planks":19,"minecraft:iron_boots":1,"minecraft:furnace":2,"minecraft:raw_iron":26,"minecraft:stick":107,"minecraft:stone":1,"minecraft:oak_fence":2,"minecraft:torch":221,"minecraft:porkchop":9,"minecraft:jungle_planks":81,"minecraft:cookie":7,"minecraft:diorite":17,"minecraft:stone_sword":2,"minecraft:arrow":4,"minecraft:rotten_flesh":4,"minecraft:stone_axe":2,"minecraft:jungle_stairs":56,"minecraft:shears":1,"minecraft:bread":14,"minecraft:oak_sapling":4,"minecraft:coal":42,"minecraft:white_wool":16,"minecraft:rail":2,"minecraft:cobblestone":117}},"DataVersion":3465}