{"stats":{"minecraft:custom":{"minecraft:time_since_rest":22991,"minecraft:sprint_one_cm":1123,"minecraft:interact_with_furnace":3,"minecraft:damage_taken":485,"minecraft:walk_one_cm":153883,"minecraft:mob_kills":1,"minecraft:drop":49,"minecraft:damage_dealt":241,"minecraft:interact_with_crafting_table":3,"minecraft:fly_one_cm":813,"minecraft:open_chest":1,"minecraft:crouch_one_cm":1074,"minecraft:play_time":78590,"minecraft:deaths":1,"minecraft:sneak_time":203,"minecraft:walk_under_water_one_cm":4722,"minecraft:jump":185,"minecraft:leave_game":1,"minecraft:walk_on_water_one_cm":1636,"minecraft:time_since_death":22745,"minecraft:total_world_time":78590,"minecraft:fall_one_cm":1530},"minecraft:killed_by":{"minecraft:player":1},"minecraft:picked_up":{"minecraft:wooden_axe":1,"minecraft:birch_log":10,"minecraft:stick":105,"minecraft:crafting_table":1,"minecraft:cooked_beef":1,"minecraft:wooden_pickaxe":3,"minecraft:birch_planks":32,"minecraft:porkchop":2,"minecraft:oak_log":12,"minecraft:cookie":7,"minecraft:dirt":1,"minecraft:wooden_sword":1,"minecraft:flint_and_steel":1,"minecraft:arrow":4,"minecraft:bone":1,"minecraft:bread":1,"minecraft:oak_sapling":1,"minecraft:oak_planks":14,"minecraft:cobblestone":25,"minecraft:furnace":1},"minecraft:used":{"minecraft:wooden_axe":22,"minecraft:birch_planks":4,"minecraft:bread":1,"minecraft:wooden_pickaxe":7,"minecraft:golden_sword":7,"minecraft:cookie":3,"minecraft:crafting_table":2,"minecraft:cooked_beef":1},"minecraft:crafted":{"minecraft:wooden_sword":1,"minecraft:oak_planks":18,"minecraft:charcoal":1,"minecraft:crafting_table":1,"minecraft:stick":34,"minecraft:oak_wood":3,"minecraft:birch_planks":36},"minecraft:dropped":{"minecraft:charcoal":1,"minecraft:oak_sapling":1,"minecraft:wooden_pickaxe":1,"minecraft:stick":46},"minecraft:mined":{"minecraft:birch_log":10,"minecraft:crafting_table":1,"minecraft:grass":2,"minecraft:grass_block":1,"minecraft:oak_log":14,"minecraft:stone":4},"minecraft:killed":{"minecraft:skeleton":1}},"DataVersion":3465}