{"stats":{"minecraft:killed_by":{"minecraft:player":1},"minecraft:custom":{"minecraft:time_since_rest":33009,"minecraft:interact_with_furnace":3,"minecraft:sprint_one_cm":6222,"minecraft:damage_taken":615,"minecraft:walk_one_cm":166451,"minecraft:mob_kills":1,"minecraft:drop":49,"minecraft:damage_dealt":241,"minecraft:interact_with_crafting_table":5,"minecraft:fly_one_cm":22497,"minecraft:open_chest":1,"minecraft:crouch_one_cm":1190,"minecraft:play_time":88608,"minecraft:deaths":1,"minecraft:sneak_time":248,"minecraft:walk_under_water_one_cm":4722,"minecraft:jump":254,"minecraft:leave_game":2,"minecraft:walk_on_water_one_cm":1636,"minecraft:time_since_death":32763,"minecraft:total_world_time":88608,"minecraft:fall_one_cm":5217},"minecraft:killed":{"minecraft:skeleton":1},"minecraft:mined":{"minecraft:birch_log":10,"minecraft:crafting_table":1,"minecraft:grass":2,"minecraft:grass_block":1,"minecraft:oak_log":14,"minecraft:stone":4},"minecraft:crafted":{"minecraft:wooden_sword":1,"minecraft:oak_planks":18,"minecraft:charcoal":1,"minecraft:crafting_table":1,"minecraft:stick":34,"minecraft:wooden_axe":1,"minecraft:oak_wood":3,"minecraft:birch_planks":36},"minecraft:used":{"minecraft:wooden_axe":22,"minecraft:birch_planks":4,"minecraft:bread":1,"minecraft:wooden_pickaxe":7,"minecraft:golden_sword":7,"minecraft:cookie":3,"minecraft:crafting_table":2,"minecraft:cooked_beef":1},"minecraft:dropped":{"minecraft:charcoal":1,"minecraft:oak_sapling":1,"minecraft:wooden_pickaxe":1,"minecraft:stick":46},"minecraft:picked_up":{"minecraft:wooden_axe":1,"minecraft:birch_log":10,"minecraft:stick":105,"minecraft:crafting_table":1,"minecraft:cooked_beef":1,"minecraft:wooden_pickaxe":3,"minecraft:birch_planks":32,"minecraft:porkchop":2,"minecraft:oak_log":12,"minecraft:cookie":7,"minecraft:dirt":1,"minecraft:wooden_sword":1,"minecraft:flint_and_steel":1,"minecraft:arrow":4,"minecraft:bone":1,"minecraft:bread":1,"minecraft:oak_sapling":1,"minecraft:oak_planks":14,"minecraft:cobblestone":25,"minecraft:furnace":1}},"DataVersion":3465}