{"stats":{"minecraft:killed_by":{"minecraft:player":1},"minecraft:custom":{"minecraft:interact_with_furnace":15,"minecraft:interact_with_anvil":2,"minecraft:mob_kills":4,"minecraft:interact_with_crafting_table":29,"minecraft:leave_game":2,"minecraft:time_since_death":146763,"minecraft:time_since_rest":147009,"minecraft:sprint_one_cm":75309,"minecraft:damage_taken":957,"minecraft:walk_one_cm":538580,"minecraft:trigger_trapped_chest":30,"minecraft:drop":83,"minecraft:damage_dealt":916,"minecraft:fly_one_cm":46440,"minecraft:player_kills":1,"minecraft:open_chest":1,"minecraft:crouch_one_cm":8097,"minecraft:play_time":202608,"minecraft:deaths":1,"minecraft:sneak_time":2721,"minecraft:walk_under_water_one_cm":4722,"minecraft:jump":656,"minecraft:walk_on_water_one_cm":1636,"minecraft:total_world_time":202608,"minecraft:fall_one_cm":12642},"minecraft:killed":{"minecraft:skeleton":1,"minecraft:zombie":2},"minecraft:broken":{"minecraft:golden_sword":1},"minecraft:mined":{"minecraft:oak_fence":2,"minecraft:crafting_table":1,"minecraft:grass_block":2,"minecraft:oak_planks":5,"minecraft:diorite":9,"minecraft:wall_torch":2,"minecraft:birch_planks":8,"minecraft:iron_ore":26,"minecraft:birch_log":27,"minecraft:birch_leaves":6,"minecraft:andesite":4,"minecraft:grass":3,"minecraft:coal_ore":40,"minecraft:oak_log":43,"minecraft:stone":33,"minecraft:oak_leaves":3},"minecraft:crafted":{"minecraft:wooden_sword":1,"minecraft:oak_planks":102,"minecraft:crafting_table":1,"minecraft:oak_wood":3,"minecraft:birch_planks":104,"minecraft:iron_boots":2,"minecraft:iron_chestplate":2,"minecraft:charcoal":7,"minecraft:shield":3,"minecraft:iron_axe":2,"minecraft:stick":34,"minecraft:iron_ingot":26,"minecraft:stone_pickaxe":1,"minecraft:wooden_axe":1,"minecraft:white_bed":3,"minecraft:torch":116,"minecraft:shears":1},"minecraft:used":{"minecraft:oak_fence":2,"minecraft:diorite":5,"minecraft:birch_planks":112,"minecraft:stone_pickaxe":109,"minecraft:oak_planks":42,"minecraft:wooden_pickaxe":7,"minecraft:cookie":5,"minecraft:torch":15,"minecraft:crafting_table":2,"minecraft:white_bed":3,"minecraft:wooden_axe":35,"minecraft:iron_axe":2,"minecraft:bread":10,"minecraft:stone_axe":54,"minecraft:golden_sword":49,"minecraft:cobblestone":17,"minecraft:furnace":1,"minecraft:porkchop":1,"minecraft:cooked_beef":1},"minecraft:dropped":{"minecraft:bread":2,"minecraft:furnace":1,"minecraft:porkchop":1,"minecraft:stone_sword":1,"minecraft:cobblestone":21,"minecraft:iron_boots":2,"minecraft:enchanted_golden_apple":1,"minecraft:jungle_planks":81,"minecraft:stick":46,"minecraft:shield":3,"minecraft:diorite":4,"minecraft:torch":109,"minecraft:iron_chestplate":2,"minecraft:jungle_stairs":56,"minecraft:charcoal":1,"minecraft:wooden_axe":1,"minecraft:oak_sapling":4,"minecraft:iron_axe":2,"minecraft:arrow":2,"minecraft:stone_pickaxe":1,"minecraft:wooden_pickaxe":1},"minecraft:picked_up":{"minecraft:wooden_axe":1,"minecraft:birch_log":27,"minecraft:iron_chestplate":1,"minecraft:crafting_table":1,"minecraft:cooked_beef":1,"minecraft:iron_trapdoor":1,"minecraft:andesite":5,"minecraft:lead":6,"minecraft:wooden_pickaxe":3,"minecraft:birch_planks":40,"minecraft:oak_log":41,"minecraft:shield":2,"minecraft:dirt":2,"minecraft:name_tag":1,"minecraft:iron_axe":1,"minecraft:wooden_sword":1,"minecraft:flint_and_steel":1,"minecraft:bone":15,"minecraft:stone_pickaxe":2,"minecraft:oak_planks":19,"minecraft:iron_boots":1,"minecraft:furnace":2,"minecraft:raw_iron":26,"minecraft:stick":107,"minecraft:stone":1,"minecraft:oak_fence":2,"minecraft:torch":164,"minecraft:porkchop":8,"minecraft:jungle_planks":81,"minecraft:cookie":7,"minecraft:diorite":17,"minecraft:stone_sword":2,"minecraft:arrow":4,"minecraft:stone_axe":2,"minecraft:jungle_stairs":56,"minecraft:bread":14,"minecraft:oak_sapling":4,"minecraft:coal":40,"minecraft:white_wool":16,"minecraft:rail":2,"minecraft:cobblestone":117}},"DataVersion":3465}