{"stats":{"minecraft:mined":{"minecraft:grass_block":1,"minecraft:oak_log":4,"minecraft:dirt":4,"minecraft:stone":7,"minecraft:diorite":9},"minecraft:picked_up":{"minecraft:wooden_axe":1,"minecraft:cooked_beef":63,"minecraft:oak_door":1,"minecraft:birch_boat":1,"minecraft:glow_ink_sac":1,"minecraft:lead":1,"minecraft:potion":1,"minecraft:oak_log":4,"minecraft:spruce_sapling":1,"minecraft:diorite":9,"minecraft:shield":1,"minecraft:gunpowder":2,"minecraft:dirt":7,"minecraft:item_frame":1,"minecraft:rotten_flesh":4,"minecraft:creeper_banner_pattern":1,"minecraft:stone_bricks":1,"minecraft:painting":1,"minecraft:saddle":1,"minecraft:oak_planks":1,"minecraft:cobblestone":7},"minecraft:crafted":{"minecraft:oak_planks":16,"minecraft:crafting_table":1,"minecraft:stick":8,"minecraft:wooden_pickaxe":1,"minecraft:stone_pickaxe":1,"minecraft:stone_axe":1},"minecraft:custom":{"minecraft:time_since_rest":432,"minecraft:sprint_one_cm":10166,"minecraft:damage_taken":114,"minecraft:walk_one_cm":21946,"minecraft:damage_dealt":208,"minecraft:swim_one_cm":4643,"minecraft:interact_with_crafting_table":2,"minecraft:fly_one_cm":19539,"minecraft:player_kills":1,"minecraft:crouch_one_cm":338,"minecraft:play_time":12000,"minecraft:deaths":1,"minecraft:sneak_time":90,"minecraft:walk_under_water_one_cm":5101,"minecraft:jump":167,"minecraft:walk_on_water_one_cm":2042,"minecraft:time_since_death":381,"minecraft:total_world_time":12000,"minecraft:fall_one_cm":1482},"minecraft:used":{"minecraft:diorite":9,"minecraft:wooden_pickaxe":16,"minecraft:crafting_table":1}},"DataVersion":3465}