{"stats":{"minecraft:mined":{"minecraft:iron_ore":6,"minecraft:pointed_dripstone":2,"minecraft:coal_ore":2,"minecraft:grass_block":1,"minecraft:oak_log":4,"minecraft:deepslate_iron_ore":4,"minecraft:dirt":4,"minecraft:stone":9,"minecraft:diorite":9},"minecraft:picked_up":{"minecraft:wooden_axe":1,"minecraft:raw_iron":10,"minecraft:cooked_beef":63,"minecraft:oak_door":1,"minecraft:birch_boat":1,"minecraft:glow_ink_sac":1,"minecraft:lead":1,"minecraft:potion":1,"minecraft:oak_log":4,"minecraft:spruce_sapling":1,"minecraft:pointed_dripstone":3,"minecraft:diorite":9,"minecraft:shield":1,"minecraft:gunpowder":3,"minecraft:string":1,"minecraft:dirt":7,"minecraft:item_frame":1,"minecraft:arrow":2,"minecraft:rotten_flesh":4,"minecraft:creeper_banner_pattern":1,"minecraft:stone_bricks":1,"minecraft:stone_axe":1,"minecraft:stone_pickaxe":1,"minecraft:painting":1,"minecraft:saddle":1,"minecraft:oak_planks":1,"minecraft:coal":2,"minecraft:cobblestone":9},"minecraft:crafted":{"minecraft:oak_planks":16,"minecraft:crafting_table":1,"minecraft:stick":8,"minecraft:wooden_pickaxe":1,"minecraft:stone_pickaxe":1,"minecraft:stone_axe":1},"minecraft:killed":{"minecraft:skeleton":1,"minecraft:spider":1,"minecraft:creeper":1},"minecraft:custom":{"minecraft:time_since_rest":1908,"minecraft:sprint_one_cm":22649,"minecraft:damage_taken":399,"minecraft:walk_one_cm":34200,"minecraft:mob_kills":3,"minecraft:damage_dealt":928,"minecraft:talked_to_villager":1,"minecraft:swim_one_cm":7031,"minecraft:interact_with_crafting_table":2,"minecraft:fly_one_cm":37830,"minecraft:player_kills":1,"minecraft:crouch_one_cm":429,"minecraft:play_time":17745,"minecraft:deaths":2,"minecraft:sneak_time":234,"minecraft:walk_under_water_one_cm":5642,"minecraft:jump":264,"minecraft:leave_game":1,"minecraft:walk_on_water_one_cm":2390,"minecraft:time_since_death":1861,"minecraft:total_world_time":17745,"minecraft:fall_one_cm":8767},"minecraft:used":{"minecraft:diorite":9,"minecraft:stone_pickaxe":16,"minecraft:wooden_pickaxe":16,"minecraft:stone_axe":9,"minecraft:cobblestone":2,"minecraft:crafting_table":1}},"DataVersion":3465}