{"stats":{"minecraft:custom":{"minecraft:time_since_rest":44036,"minecraft:crouch_one_cm":43,"minecraft:sprint_one_cm":13443,"minecraft:play_time":44036,"minecraft:damage_taken":75,"minecraft:walk_one_cm":45755,"minecraft:sneak_time":201,"minecraft:drop":11,"minecraft:jump":78,"minecraft:damage_dealt":100,"minecraft:leave_game":2,"minecraft:time_since_death":44036,"minecraft:total_world_time":44036,"minecraft:interact_with_crafting_table":6,"minecraft:fly_one_cm":24585},"minecraft:picked_up":{"minecraft:wooden_axe":1,"minecraft:stone_axe":1,"minecraft:oak_log":8,"minecraft:oak_sapling":1,"minecraft:dirt":20,"minecraft:cobblestone":3},"minecraft:crafted":{"minecraft:oak_planks":32,"minecraft:wooden_shovel":1,"minecraft:stick":8,"minecraft:wooden_pickaxe":2},"minecraft:used":{"minecraft:stone_axe":7,"minecraft:oak_planks":77,"minecraft:wooden_pickaxe":4,"minecraft:wooden_shovel":12,"minecraft:oak_door":1},"minecraft:mined":{"minecraft:grass":7,"minecraft:grass_block":11,"minecraft:oak_log":6,"minecraft:dirt":10,"minecraft:stone":3,"minecraft:oak_leaves":16},"minecraft:dropped":{"minecraft:cookie":5,"minecraft:bread":1,"minecraft:stone_axe":1,"minecraft:wooden_pickaxe":1,"minecraft:cooked_beef":1,"minecraft:wooden_axe":2}},"DataVersion":3465}