{"stats":{"minecraft:custom":{"minecraft:time_since_rest":68036,"minecraft:sprint_one_cm":37220,"minecraft:walk_one_cm":116317,"minecraft:damage_taken":105,"minecraft:mob_kills":3,"minecraft:drop":14,"minecraft:damage_dealt":429,"minecraft:interact_with_crafting_table":6,"minecraft:fly_one_cm":41214,"minecraft:crouch_one_cm":51,"minecraft:play_time":68036,"minecraft:sneak_time":234,"minecraft:jump":242,"minecraft:leave_game":2,"minecraft:time_since_death":68036,"minecraft:total_world_time":68036,"minecraft:fall_one_cm":1171},"minecraft:picked_up":{"minecraft:wooden_axe":1,"minecraft:charcoal":1,"minecraft:oak_door":2,"minecraft:torch":1,"minecraft:porkchop":1,"minecraft:oak_log":8,"minecraft:dirt":29,"minecraft:stone_axe":1,"minecraft:wheat_seeds":1,"minecraft:oak_sapling":1,"minecraft:mutton":2,"minecraft:oak_planks":15,"minecraft:white_wool":1,"minecraft:cobblestone":3},"minecraft:used":{"minecraft:oak_planks":192,"minecraft:wooden_pickaxe":4,"minecraft:wooden_shovel":21,"minecraft:oak_door":7,"minecraft:stone_axe":33,"minecraft:torch":3,"minecraft:dirt":6,"minecraft:cobblestone":40,"minecraft:crafting_table":1,"minecraft:furnace":1},"minecraft:crafted":{"minecraft:oak_planks":32,"minecraft:wooden_shovel":1,"minecraft:stick":8,"minecraft:wooden_pickaxe":2},"minecraft:mined":{"minecraft:grass":8,"minecraft:grass_block":16,"minecraft:oak_log":6,"minecraft:dirt":14,"minecraft:stone":3,"minecraft:oak_planks":15,"minecraft:oak_leaves":25},"minecraft:dropped":{"minecraft:bread":1,"minecraft:stone_axe":1,"minecraft:porkchop":1,"minecraft:cooked_beef":1,"minecraft:wooden_axe":2,"minecraft:cookie":5,"minecraft:cobblestone":21,"minecraft:wooden_pickaxe":1,"minecraft:stick":11},"minecraft:killed":{"minecraft:sheep":1,"minecraft:pig":1}},"DataVersion":3465}