{"stats":{"minecraft:custom":{"minecraft:time_since_rest":100679,"minecraft:sprint_one_cm":48759,"minecraft:walk_one_cm":151817,"minecraft:damage_taken":305,"minecraft:mob_kills":5,"minecraft:drop":28,"minecraft:damage_dealt":839,"minecraft:player_kills":1,"minecraft:interact_with_crafting_table":7,"minecraft:fly_one_cm":54182,"minecraft:open_chest":4,"minecraft:crouch_one_cm":473,"minecraft:play_time":100679,"minecraft:sneak_time":438,"minecraft:walk_under_water_one_cm":1833,"minecraft:jump":342,"minecraft:leave_game":3,"minecraft:walk_on_water_one_cm":2554,"minecraft:time_since_death":100679,"minecraft:total_world_time":100679,"minecraft:fall_one_cm":3104},"minecraft:picked_up":{"minecraft:wooden_axe":2,"minecraft:stick":46,"minecraft:charcoal":1,"minecraft:oak_door":2,"minecraft:torch":1,"minecraft:wooden_pickaxe":1,"minecraft:birch_planks":32,"minecraft:porkchop":2,"minecraft:oak_log":9,"minecraft:cookie":2,"minecraft:dirt":30,"minecraft:flint_and_steel":1,"minecraft:wooden_sword":1,"minecraft:arrow":2,"minecraft:bone":1,"minecraft:stone_axe":3,"minecraft:wheat_seeds":1,"minecraft:oak_sapling":1,"minecraft:mutton":2,"minecraft:oak_planks":15,"minecraft:white_wool":1,"minecraft:cobblestone":28},"minecraft:used":{"minecraft:flint_and_steel":2,"minecraft:oak_planks":193,"minecraft:wooden_pickaxe":4,"minecraft:wooden_shovel":21,"minecraft:oak_door":7,"minecraft:stone_axe":43,"minecraft:torch":3,"minecraft:mutton":2,"minecraft:dirt":15,"minecraft:cobblestone":40,"minecraft:crafting_table":2,"minecraft:furnace":1,"minecraft:obsidian":6},"minecraft:crafted":{"minecraft:oak_planks":32,"minecraft:wooden_shovel":1,"minecraft:stick":8,"minecraft:wooden_pickaxe":2},"minecraft:mined":{"minecraft:grass":8,"minecraft:grass_block":16,"minecraft:oak_log":6,"minecraft:dirt":14,"minecraft:tall_grass":1,"minecraft:stone":3,"minecraft:oak_planks":15,"minecraft:oak_leaves":25},"minecraft:dropped":{"minecraft:bread":1,"minecraft:furnace":1,"minecraft:stone_axe":3,"minecraft:birch_planks":32,"minecraft:porkchop":2,"minecraft:oak_log":1,"minecraft:cooked_beef":1,"minecraft:wooden_axe":2,"minecraft:oak_planks":14,"minecraft:wooden_sword":1,"minecraft:cookie":7,"minecraft:cobblestone":21,"minecraft:arrow":2,"minecraft:wooden_pickaxe":2,"minecraft:flint_and_steel":2,"minecraft:stick":59},"minecraft:killed":{"minecraft:sheep":1,"minecraft:skeleton":1,"minecraft:zombie":1,"minecraft:pig":1}},"DataVersion":3465}