{"stats":{"minecraft:custom":{"minecraft:time_since_rest":56036,"minecraft:sprint_one_cm":15532,"minecraft:walk_one_cm":81727,"minecraft:damage_taken":75,"minecraft:drop":12,"minecraft:damage_dealt":127,"minecraft:interact_with_crafting_table":6,"minecraft:fly_one_cm":24638,"minecraft:crouch_one_cm":43,"minecraft:play_time":56036,"minecraft:sneak_time":218,"minecraft:jump":98,"minecraft:leave_game":2,"minecraft:time_since_death":56036,"minecraft:total_world_time":56036},"minecraft:picked_up":{"minecraft:wooden_axe":1,"minecraft:oak_door":2,"minecraft:torch":1,"minecraft:oak_log":8,"minecraft:dirt":29,"minecraft:stone_axe":1,"minecraft:oak_sapling":1,"minecraft:oak_planks":15,"minecraft:cobblestone":3},"minecraft:used":{"minecraft:oak_planks":190,"minecraft:wooden_pickaxe":4,"minecraft:wooden_shovel":21,"minecraft:oak_door":7,"minecraft:stone_axe":22,"minecraft:torch":3,"minecraft:cobblestone":40,"minecraft:crafting_table":1,"minecraft:furnace":1},"minecraft:crafted":{"minecraft:oak_planks":32,"minecraft:wooden_shovel":1,"minecraft:stick":8,"minecraft:wooden_pickaxe":2},"minecraft:mined":{"minecraft:grass":7,"minecraft:grass_block":16,"minecraft:oak_log":6,"minecraft:dirt":14,"minecraft:stone":3,"minecraft:oak_planks":15,"minecraft:oak_leaves":16},"minecraft:dropped":{"minecraft:bread":1,"minecraft:stone_axe":1,"minecraft:cooked_beef":1,"minecraft:wooden_axe":2,"minecraft:cookie":5,"minecraft:wooden_pickaxe":1,"minecraft:stick":11}},"DataVersion":3465}