{"stats":{"minecraft:mined":{"minecraft:white_bed":3,"minecraft:dandelion":1,"minecraft:crafting_table":5,"minecraft:cornflower":1,"minecraft:torch":2,"minecraft:grass_block":6,"minecraft:poppy":1,"minecraft:rose_bush":1,"minecraft:slime_block":9,"minecraft:sugar_cane":10,"minecraft:oxeye_daisy":1,"minecraft:wall_torch":5,"minecraft:furnace":1,"minecraft:iron_ore":15,"minecraft:lilac":1,"minecraft:spruce_log":9,"minecraft:pumpkin":11,"minecraft:orange_tulip":1,"minecraft:azure_bluet":1,"minecraft:grass":14,"minecraft:red_tulip":2,"minecraft:oak_log":21,"minecraft:coal_ore":18,"minecraft:gravel":6,"minecraft:dirt":25,"minecraft:pink_tulip":1,"minecraft:stone":28},"minecraft:picked_up":{"minecraft:crafting_table":5,"minecraft:feather":4,"minecraft:azure_bluet":1,"minecraft:lilac":1,"minecraft:chicken":5,"minecraft:leather":2,"minecraft:oak_log":21,"minecraft:cornflower":1,"minecraft:dirt":31,"minecraft:cooked_mutton":1,"minecraft:bone":1,"minecraft:bow":1,"minecraft:orange_tulip":1,"minecraft:iron_ingot":4,"minecraft:beef":7,"minecraft:rose_bush":1,"minecraft:poppy":2,"minecraft:sugar_cane":16,"minecraft:raw_iron":15,"minecraft:pumpkin":11,"minecraft:torch":7,"minecraft:dandelion":1,"minecraft:gravel":6,"minecraft:porkchop":9,"minecraft:white_bed":3,"minecraft:spruce_log":9,"minecraft:slime_block":9,"minecraft:red_tulip":2,"minecraft:pink_tulip":1,"minecraft:gray_wool":1,"minecraft:mutton":13,"minecraft:coal":18,"minecraft:white_wool":9,"minecraft:cobblestone":29,"minecraft:oxeye_daisy":2},"minecraft:dropped":{"minecraft:stone_axe":1,"minecraft:cooked_porkchop":1,"minecraft:chicken":5,"minecraft:cobblestone":6,"minecraft:oxeye_daisy":1,"minecraft:poppy":2,"minecraft:dirt":3,"minecraft:gray_wool":1,"minecraft:pumpkin":11,"minecraft:beef":3,"minecraft:wooden_pickaxe":1},"minecraft:custom":{"minecraft:interact_with_furnace":12,"minecraft:mob_kills":25,"minecraft:interact_with_crafting_table":13,"minecraft:leave_game":1,"minecraft:time_since_death":43530,"minecraft:sleep_in_bed":3,"minecraft:time_since_rest":11681,"minecraft:sprint_one_cm":127279,"minecraft:damage_taken":495,"minecraft:walk_one_cm":99067,"minecraft:damage_blocked_by_shield":80,"minecraft:trigger_trapped_chest":6,"minecraft:drop":12,"minecraft:damage_dealt":2949,"minecraft:talked_to_villager":2,"minecraft:swim_one_cm":10771,"minecraft:fly_one_cm":197096,"minecraft:crouch_one_cm":1520,"minecraft:play_time":43530,"minecraft:sneak_time":581,"minecraft:walk_under_water_one_cm":2728,"minecraft:jump":1203,"minecraft:walk_on_water_one_cm":4561,"minecraft:total_world_time":43530,"minecraft:fall_one_cm":35552},"minecraft:used":{"minecraft:cooked_mutton":2,"minecraft:stone_pickaxe":46,"minecraft:wooden_pickaxe":20,"minecraft:shield":3,"minecraft:sugar_cane":3,"minecraft:torch":6,"minecraft:dirt":28,"minecraft:crafting_table":6,"minecraft:white_bed":3,"minecraft:lava_bucket":3,"minecraft:red_tulip":1,"minecraft:iron_axe":17,"minecraft:slime_block":5,"minecraft:gravel":3,"minecraft:stone_axe":86,"minecraft:furnace":2,"minecraft:cooked_porkchop":8,"minecraft:bucket":4},"minecraft:crafted":{"minecraft:oak_planks":64,"minecraft:cooked_porkchop":9,"minecraft:crafting_table":2,"minecraft:spruce_planks":36,"minecraft:wooden_pickaxe":1,"minecraft:furnace":2,"minecraft:bucket":1,"minecraft:stone_axe":1,"minecraft:cooked_mutton":7,"minecraft:air":0,"minecraft:iron_chestplate":1,"minecraft:iron_axe":1,"minecraft:stick":12,"minecraft:iron_ingot":15,"minecraft:stone_pickaxe":1,"minecraft:white_bed":1,"minecraft:torch":8},"minecraft:killed":{"minecraft:pig":4,"minecraft:iron_golem":1,"minecraft:sheep":10,"minecraft:skeleton":1,"minecraft:chicken":5,"minecraft:cow":3}},"DataVersion":3465}