{"stats":{"minecraft:mined":{"minecraft:white_bed":4,"minecraft:dandelion":1,"minecraft:crafting_table":6,"minecraft:cornflower":1,"minecraft:torch":2,"minecraft:grass_block":7,"minecraft:poppy":1,"minecraft:rose_bush":1,"minecraft:lectern":1,"minecraft:slime_block":15,"minecraft:sugar_cane":10,"minecraft:oxeye_daisy":1,"minecraft:wall_torch":5,"minecraft:hay_block":21,"minecraft:furnace":1,"minecraft:iron_ore":15,"minecraft:lilac":1,"minecraft:spruce_log":9,"minecraft:pumpkin":11,"minecraft:orange_tulip":1,"minecraft:yellow_bed":1,"minecraft:azure_bluet":1,"minecraft:grass":19,"minecraft:bookshelf":4,"minecraft:red_tulip":2,"minecraft:oak_log":27,"minecraft:coal_ore":18,"minecraft:dirt_path":2,"minecraft:gravel":6,"minecraft:dirt":25,"minecraft:pink_tulip":1,"minecraft:stone":28},"minecraft:picked_up":{"minecraft:crafting_table":6,"minecraft:feather":4,"minecraft:azure_bluet":1,"minecraft:lilac":1,"minecraft:chicken":5,"minecraft:leather":6,"minecraft:oak_log":27,"minecraft:yellow_bed":1,"minecraft:cornflower":1,"minecraft:dirt":31,"minecraft:cooked_mutton":7,"minecraft:bone":1,"minecraft:bow":1,"minecraft:orange_tulip":1,"minecraft:iron_ingot":14,"minecraft:beef":14,"minecraft:rose_bush":1,"minecraft:poppy":5,"minecraft:lectern":1,"minecraft:sugar_cane":16,"minecraft:book":12,"minecraft:raw_iron":15,"minecraft:cooked_porkchop":2,"minecraft:pumpkin":11,"minecraft:torch":7,"minecraft:dandelion":1,"minecraft:gravel":6,"minecraft:porkchop":9,"minecraft:white_bed":4,"minecraft:spruce_log":9,"minecraft:slime_block":15,"minecraft:hay_block":21,"minecraft:red_tulip":2,"minecraft:pink_tulip":1,"minecraft:gray_wool":1,"minecraft:ender_pearl":1,"minecraft:mutton":14,"minecraft:coal":18,"minecraft:white_wool":14,"minecraft:cobblestone":29,"minecraft:oxeye_daisy":2},"minecraft:dropped":{"minecraft:stone_axe":1,"minecraft:cooked_porkchop":1,"minecraft:chicken":5,"minecraft:cobblestone":6,"minecraft:oxeye_daisy":1,"minecraft:poppy":5,"minecraft:dirt":3,"minecraft:gray_wool":1,"minecraft:mutton":7,"minecraft:pumpkin":11,"minecraft:beef":10,"minecraft:wooden_pickaxe":1},"minecraft:custom":{"minecraft:interact_with_furnace":12,"minecraft:mob_kills":38,"minecraft:interact_with_crafting_table":14,"minecraft:leave_game":1,"minecraft:time_since_death":55530,"minecraft:sleep_in_bed":4,"minecraft:climb_one_cm":924,"minecraft:time_since_rest":8982,"minecraft:sprint_one_cm":165345,"minecraft:damage_taken":643,"minecraft:walk_one_cm":130587,"minecraft:damage_blocked_by_shield":80,"minecraft:trigger_trapped_chest":6,"minecraft:drop":15,"minecraft:damage_dealt":6082,"minecraft:talked_to_villager":8,"minecraft:swim_one_cm":10771,"minecraft:fly_one_cm":242574,"minecraft:open_chest":6,"minecraft:crouch_one_cm":1555,"minecraft:play_time":55530,"minecraft:sneak_time":589,"minecraft:walk_under_water_one_cm":2728,"minecraft:jump":1486,"minecraft:walk_on_water_one_cm":5010,"minecraft:total_world_time":55530,"minecraft:fall_one_cm":44743},"minecraft:used":{"minecraft:cooked_mutton":2,"minecraft:stone_pickaxe":49,"minecraft:wooden_pickaxe":20,"minecraft:shield":3,"minecraft:sugar_cane":3,"minecraft:torch":6,"minecraft:dirt":28,"minecraft:crafting_table":7,"minecraft:white_bed":4,"minecraft:oak_log":6,"minecraft:lava_bucket":10,"minecraft:red_tulip":1,"minecraft:iron_axe":106,"minecraft:slime_block":11,"minecraft:gravel":3,"minecraft:stone_axe":86,"minecraft:furnace":2,"minecraft:cooked_porkchop":10,"minecraft:bucket":11},"minecraft:crafted":{"minecraft:oak_planks":64,"minecraft:cooked_porkchop":9,"minecraft:crafting_table":2,"minecraft:spruce_planks":36,"minecraft:wooden_pickaxe":1,"minecraft:furnace":2,"minecraft:bucket":1,"minecraft:stone_axe":1,"minecraft:bread":36,"minecraft:cooked_mutton":7,"minecraft:air":0,"minecraft:iron_chestplate":1,"minecraft:iron_axe":1,"minecraft:stick":12,"minecraft:iron_ingot":15,"minecraft:stone_pickaxe":1,"minecraft:white_bed":1,"minecraft:torch":8,"minecraft:wheat":108},"minecraft:killed":{"minecraft:pig":4,"minecraft:iron_golem":3,"minecraft:sheep":15,"minecraft:skeleton":1,"minecraft:donkey":1,"minecraft:chicken":5,"minecraft:enderman":1,"minecraft:cow":7}},"DataVersion":3465}