{"stats":{"minecraft:mined":{"minecraft:white_bed":2,"minecraft:dandelion":1,"minecraft:crafting_table":3,"minecraft:cornflower":1,"minecraft:torch":2,"minecraft:grass_block":2,"minecraft:poppy":1,"minecraft:rose_bush":1,"minecraft:slime_block":6,"minecraft:sugar_cane":10,"minecraft:oxeye_daisy":1,"minecraft:wall_torch":5,"minecraft:iron_ore":15,"minecraft:spruce_log":9,"minecraft:pumpkin":11,"minecraft:azure_bluet":1,"minecraft:grass":11,"minecraft:oak_log":21,"minecraft:coal_ore":18,"minecraft:gravel":3,"minecraft:dirt":12,"minecraft:pink_tulip":1,"minecraft:stone":19},"minecraft:picked_up":{"minecraft:crafting_table":3,"minecraft:feather":4,"minecraft:azure_bluet":1,"minecraft:chicken":5,"minecraft:leather":2,"minecraft:oak_log":21,"minecraft:cornflower":1,"minecraft:dirt":14,"minecraft:bone":1,"minecraft:bow":1,"minecraft:beef":7,"minecraft:rose_bush":1,"minecraft:poppy":1,"minecraft:sugar_cane":16,"minecraft:raw_iron":15,"minecraft:pumpkin":11,"minecraft:torch":7,"minecraft:dandelion":1,"minecraft:gravel":3,"minecraft:porkchop":9,"minecraft:white_bed":2,"minecraft:spruce_log":9,"minecraft:slime_block":6,"minecraft:pink_tulip":1,"minecraft:gray_wool":1,"minecraft:mutton":12,"minecraft:coal":18,"minecraft:white_wool":8,"minecraft:cobblestone":19,"minecraft:oxeye_daisy":1},"minecraft:dropped":{"minecraft:cobblestone":5,"minecraft:dirt":3,"minecraft:gray_wool":1},"minecraft:custom":{"minecraft:interact_with_furnace":9,"minecraft:mob_kills":22,"minecraft:interact_with_crafting_table":6,"minecraft:leave_game":1,"minecraft:time_since_death":31530,"minecraft:sleep_in_bed":2,"minecraft:time_since_rest":12768,"minecraft:sprint_one_cm":81036,"minecraft:damage_taken":270,"minecraft:walk_one_cm":73239,"minecraft:damage_blocked_by_shield":80,"minecraft:trigger_trapped_chest":6,"minecraft:drop":3,"minecraft:damage_dealt":1858,"minecraft:swim_one_cm":9939,"minecraft:fly_one_cm":123513,"minecraft:crouch_one_cm":936,"minecraft:play_time":31530,"minecraft:sneak_time":390,"minecraft:walk_under_water_one_cm":2361,"minecraft:jump":843,"minecraft:walk_on_water_one_cm":4374,"minecraft:total_world_time":31530,"minecraft:fall_one_cm":22528},"minecraft:used":{"minecraft:cooked_mutton":2,"minecraft:stone_pickaxe":36,"minecraft:wooden_pickaxe":20,"minecraft:shield":3,"minecraft:sugar_cane":3,"minecraft:torch":6,"minecraft:dirt":11,"minecraft:crafting_table":4,"minecraft:white_bed":2,"minecraft:slime_block":2,"minecraft:stone_axe":84,"minecraft:furnace":1,"minecraft:cooked_porkchop":3},"minecraft:crafted":{"minecraft:oak_planks":64,"minecraft:cooked_porkchop":9,"minecraft:crafting_table":2,"minecraft:spruce_planks":36,"minecraft:wooden_pickaxe":1,"minecraft:furnace":1,"minecraft:stone_axe":1,"minecraft:cooked_mutton":7,"minecraft:air":0,"minecraft:stick":8,"minecraft:stone_pickaxe":1,"minecraft:white_bed":1,"minecraft:torch":8},"minecraft:killed":{"minecraft:pig":4,"minecraft:sheep":9,"minecraft:skeleton":1,"minecraft:chicken":5,"minecraft:cow":3}},"DataVersion":3465}