{"stats":{"minecraft:mined":{"minecraft:white_bed":2,"minecraft:spruce_log":9,"minecraft:torch":1,"minecraft:crafting_table":3,"minecraft:grass":4,"minecraft:coal_ore":9,"minecraft:grass_block":2,"minecraft:oak_log":16,"minecraft:dirt":11,"minecraft:slime_block":6,"minecraft:stone":16,"minecraft:sugar_cane":8,"minecraft:wall_torch":4},"minecraft:picked_up":{"minecraft:crafting_table":3,"minecraft:feather":4,"minecraft:chicken":4,"minecraft:leather":1,"minecraft:torch":5,"minecraft:porkchop":9,"minecraft:oak_log":16,"minecraft:white_bed":2,"minecraft:spruce_log":9,"minecraft:dirt":13,"minecraft:slime_block":6,"minecraft:beef":4,"minecraft:gray_wool":1,"minecraft:sugar_cane":14,"minecraft:mutton":7,"minecraft:coal":9,"minecraft:white_wool":5,"minecraft:cobblestone":16},"minecraft:used":{"minecraft:cooked_mutton":2,"minecraft:stone_pickaxe":10,"minecraft:slime_block":2,"minecraft:wooden_pickaxe":15,"minecraft:sugar_cane":1,"minecraft:torch":4,"minecraft:stone_axe":45,"minecraft:dirt":6,"minecraft:crafting_table":4,"minecraft:furnace":1,"minecraft:cooked_porkchop":1,"minecraft:white_bed":2},"minecraft:custom":{"minecraft:time_since_rest":768,"minecraft:interact_with_furnace":9,"minecraft:sprint_one_cm":42891,"minecraft:damage_taken":80,"minecraft:walk_one_cm":42713,"minecraft:trigger_trapped_chest":3,"minecraft:mob_kills":16,"minecraft:damage_dealt":1239,"minecraft:interact_with_crafting_table":6,"minecraft:fly_one_cm":65150,"minecraft:crouch_one_cm":511,"minecraft:play_time":19530,"minecraft:sneak_time":264,"minecraft:walk_under_water_one_cm":325,"minecraft:jump":457,"minecraft:leave_game":1,"minecraft:walk_on_water_one_cm":2072,"minecraft:time_since_death":19530,"minecraft:sleep_in_bed":2,"minecraft:total_world_time":19530,"minecraft:fall_one_cm":9400},"minecraft:crafted":{"minecraft:oak_planks":64,"minecraft:cooked_porkchop":9,"minecraft:crafting_table":2,"minecraft:spruce_planks":36,"minecraft:stick":8,"minecraft:wooden_pickaxe":1,"minecraft:stone_pickaxe":1,"minecraft:furnace":1,"minecraft:white_bed":1,"minecraft:torch":8,"minecraft:stone_axe":1,"minecraft:cooked_mutton":7,"minecraft:air":0},"minecraft:killed":{"minecraft:sheep":6,"minecraft:pig":4,"minecraft:chicken":4,"minecraft:cow":2}},"DataVersion":3465}