{"stats":{"minecraft:mined":{"minecraft:grass":1,"minecraft:grass_block":2,"minecraft:dirt":8,"minecraft:spruce_log":9,"minecraft:stone":5,"minecraft:sugar_cane":8},"minecraft:picked_up":{"minecraft:spruce_log":9,"minecraft:sugar_cane":14,"minecraft:dirt":10,"minecraft:cobblestone":5},"minecraft:used":{"minecraft:crafting_table":1,"minecraft:wooden_pickaxe":5,"minecraft:sugar_cane":1},"minecraft:custom":{"minecraft:time_since_rest":6000,"minecraft:play_time":6000,"minecraft:sprint_one_cm":10986,"minecraft:walk_one_cm":5545,"minecraft:walk_under_water_one_cm":216,"minecraft:jump":150,"minecraft:time_since_death":6000,"minecraft:walk_on_water_one_cm":1552,"minecraft:total_world_time":6000,"minecraft:fly_one_cm":17442,"minecraft:interact_with_crafting_table":2,"minecraft:fall_one_cm":1881},"minecraft:crafted":{"minecraft:crafting_table":1,"minecraft:spruce_planks":36,"minecraft:stick":8,"minecraft:wooden_pickaxe":1}},"DataVersion":3465}